customer_id,bread,butter,milk,eggs,snacks
cus1,1,0,0,0,1
cus2,1,1,0,0,0
cus3,1,0,0,0,1
cus4,1,1,0,0,1
cus5,0,1,1,1,0
cus6,0,0,0,0,1
cus7,0,0,1,0,0
cus8,0,0,1,0,0
cus9,1,1,1,0,1
cus10,0,0,0,0,1
cus11,0,0,0,0,0
cus12,0,1,1,1,1
cus13,1,1,0,0,1
cus14,1,1,0,1,0
cus15,0,0,1,0,0
cus16,0,0,1,1,1
cus17,0,0,1,1,1
cus18,1,1,0,0,0
cus19,1,1,0,0,0
cus20,1,1,1,1,1
cus21,1,1,1,1,0
cus22,1,1,0,0,1
cus23,1,1,0,0,0
cus24,0,0,1,0,0
cus25,0,0,1,1,1
cus26,1,0,0,1,0
cus27,1,1,1,1,0
cus28,1,1,0,0,0
cus29,0,0,1,1,1
cus30,1,1,0,1,1
cus31,0,0,1,1,0
cus32,1,1,0,0,0
cus33,1,1,0,0,1
cus34,0,0,1,1,0
cus35,0,1,0,0,0
cus36,1,1,1,0,1
cus37,1,1,0,0,1
cus38,0,0,0,0,1
cus39,1,0,0,0,1
cus40,1,1,0,0,0
cus41,0,1,1,0,0
cus42,1,1,0,1,1
cus43,1,1,0,0,0
cus44,1,1,0,0,0
cus45,0,0,1,1,1
cus46,1,0,1,0,0
cus47,0,0,0,0,1
cus48,0,0,1,1,1
cus49,0,0,0,0,1
cus50,0,0,0,0,0
cus51,1,1,0,0,1
cus52,0,0,0,0,1
cus53,0,0,1,1,0
cus54,0,0,0,0,1
cus55,0,0,0,0,0
cus56,1,0,0,0,0
cus57,0,0,1,1,0
cus58,1,1,0,0,0
cus59,1,1,0,0,1
cus60,1,0,1,1,1
cus61,1,1,0,0,0
cus62,0,0,1,0,1
cus63,1,1,1,0,0
cus64,0,0,1,1,1
cus65,1,1,0,0,0
cus66,0,0,0,0,1
cus67,1,0,1,1,1
cus68,1,0,0,0,1
cus69,1,1,1,1,1
cus70,0,0,1,1,0
cus71,1,0,0,1,1
cus72,0,1,0,0,0
cus73,1,1,1,1,0
cus74,1,0,0,1,1
cus75,1,1,1,0,1
cus76,1,0,1,0,1
cus77,1,1,0,0,0
cus78,0,0,1,0,0
cus79,0,0,1,0,1
cus80,0,0,1,0,0
cus81,1,0,0,0,1
cus82,0,0,1,0,1
cus83,1,0,0,0,0
cus84,1,1,1,0,0
cus85,0,0,1,1,1
cus86,1,1,0,0,1
cus87,1,0,0,1,1
cus88,0,1,0,0,1
cus89,1,0,1,1,0
cus90,0,0,0,0,1
cus91,0,0,1,0,1
cus92,1,1,1,1,1
cus93,1,1,0,0,0
cus94,1,1,0,0,0
cus95,1,0,1,0,1
cus96,0,1,0,0,0
cus97,0,0,1,1,0
cus98,0,1,1,0,0
cus99,1,1,1,1,1
cus100,1,1,1,0,0
cus101,0,0,1,0,0
cus102,1,0,0,0,0
cus103,0,0,0,0,1
cus104,1,1,0,0,1
cus105,0,0,0,0,0
cus106,1,1,1,1,0
cus107,0,0,0,0,0
cus108,0,0,1,1,1
cus109,0,0,1,0,0
cus110,1,1,0,0,0
cus111,1,0,0,0,0
cus112,1,1,1,0,0
cus113,0,0,1,1,1
cus114,0,0,1,0,1
cus115,1,0,1,1,0
cus116,0,1,0,0,1
cus117,1,0,1,1,0
cus118,1,1,1,1,1
cus119,1,1,1,1,0
cus120,1,1,1,1,1
cus121,1,1,1,1,1
cus122,1,1,1,1,0
cus123,1,0,0,1,0
cus124,0,1,1,0,0
cus125,1,1,1,1,0
cus126,1,1,0,1,1
cus127,0,0,0,0,1
cus128,1,1,1,1,1
cus129,1,1,1,1,1
cus130,0,0,0,0,0
cus131,1,1,0,0,0
cus132,1,1,1,1,0
cus133,1,0,0,0,1
cus134,1,1,1,1,1
cus135,1,0,1,1,1
cus136,0,1,1,0,0
cus137,0,0,1,0,0
cus138,0,0,1,0,1
cus139,1,1,0,0,1
cus140,0,0,0,1,0
cus141,1,1,1,1,1
cus142,0,0,0,0,0
cus143,0,0,1,1,1
cus144,0,0,0,1,0
cus145,0,0,1,0,0
cus146,0,1,0,0,1
cus147,1,0,0,0,1
cus148,0,0,0,0,0
cus149,1,1,0,0,1
cus150,0,0,0,0,0
cus151,1,0,0,0,1
cus152,0,0,0,0,0
cus153,1,1,1,0,1
cus154,0,0,0,0,0
cus155,1,0,1,1,0
cus156,1,1,0,0,0
cus157,0,0,1,1,1
cus158,0,0,1,1,0
cus159,1,1,0,0,1
cus160,0,0,0,0,0
cus161,0,0,0,0,0
cus162,0,0,0,0,1
cus163,0,0,1,0,0
cus164,1,1,1,1,1
cus165,0,1,1,1,0
cus166,0,0,1,0,0
cus167,1,1,1,1,1
cus168,1,0,1,1,0
cus169,1,1,1,0,1
cus170,1,1,0,0,0
cus171,1,1,1,0,1
cus172,1,1,1,1,1
cus173,0,0,0,0,0
cus174,0,0,1,0,0
cus175,1,1,0,0,1
cus176,1,1,0,1,1
cus177,1,1,1,1,0
cus178,1,1,1,1,1
cus179,0,0,0,0,0
cus180,1,1,0,1,1
cus181,1,1,1,1,1
cus182,0,0,1,1,1
cus183,0,0,0,0,0
cus184,1,1,0,0,1
cus185,0,0,0,0,0
cus186,1,1,0,0,1
cus187,1,0,0,0,1
cus188,1,1,0,1,0
cus189,1,1,0,0,1
cus190,1,1,0,0,0
cus191,0,0,1,0,0
cus192,1,1,1,1,0
cus193,1,1,1,1,1
cus194,1,1,1,1,1
cus195,0,0,0,0,1
cus196,1,1,1,1,0
cus197,1,0,1,1,0
cus198,1,1,1,1,0
cus199,0,0,1,1,1
cus200,1,0,1,0,1
cus201,1,1,0,0,0
cus202,0,0,0,0,0
cus203,1,0,0,1,0
cus204,0,0,0,0,1
cus205,0,0,0,0,0
cus206,1,0,0,0,0
cus207,1,1,1,1,1
cus208,0,0,0,1,0
cus209,1,0,1,1,0
cus210,0,0,1,0,1
cus211,0,0,0,0,0
cus212,1,0,1,1,0
cus213,0,0,0,0,0
cus214,0,0,1,1,1
cus215,1,1,1,1,0
cus216,1,1,0,0,0
cus217,0,1,1,0,0
cus218,1,1,1,0,1
cus219,0,0,0,0,1
cus220,1,1,1,0,1
cus221,1,0,0,0,0
cus222,1,1,0,0,1
cus223,0,0,1,1,0
cus224,0,1,0,0,1
cus225,0,0,0,0,0
cus226,0,1,1,1,1
cus227,0,0,1,1,0
cus228,1,0,1,1,0
cus229,0,0,0,0,1
cus230,0,0,0,0,0
cus231,0,0,0,0,0
cus232,0,0,0,0,1
cus233,0,1,1,0,1
cus234,0,0,0,1,1
cus235,0,0,0,0,0
cus236,1,0,1,0,1
cus237,0,0,0,0,1
cus238,0,0,1,1,0
cus239,1,1,1,1,1
cus240,0,0,0,0,1
cus241,0,1,1,1,0
cus242,0,0,1,1,0
cus243,1,1,1,0,0
cus244,1,1,0,0,1
cus245,0,0,1,0,0
cus246,0,0,1,0,0
cus247,0,0,1,1,0
cus248,1,0,1,0,1
cus249,0,0,0,0,0
cus250,0,1,1,0,0
cus251,0,0,1,1,0
cus252,1,1,1,1,0
cus253,1,0,1,1,1
cus254,1,1,1,1,1
cus255,0,0,0,1,0
cus256,1,1,0,1,0
cus257,0,0,0,1,0
cus258,1,1,1,1,1
cus259,1,1,0,0,0
cus260,1,1,1,1,0
cus261,1,0,1,1,0
cus262,0,0,0,0,0
cus263,1,0,0,0,0
cus264,0,0,0,1,1
cus265,1,1,0,0,0
cus266,1,1,0,0,0
cus267,0,0,1,0,0
cus268,0,0,0,1,1
cus269,1,1,0,0,0
cus270,1,1,1,0,1
cus271,0,0,1,0,0
cus272,0,0,1,1,0
cus273,0,0,0,0,0
cus274,1,1,0,1,1
cus275,0,0,0,0,1
cus276,0,0,0,0,0
cus277,1,1,0,0,0
cus278,1,0,1,0,1
cus279,1,1,1,1,1
cus280,0,0,1,1,0
cus281,1,1,1,0,0
cus282,1,0,0,0,0
cus283,1,1,1,1,1
cus284,0,1,1,1,0
cus285,1,1,1,1,0
cus286,0,1,0,0,0
cus287,1,1,1,0,1
cus288,1,1,0,0,0
cus289,0,1,0,0,0
cus290,1,1,0,0,0
cus291,1,1,0,0,1
cus292,0,0,0,0,0
cus293,1,1,1,0,0
cus294,1,0,1,0,0
cus295,0,0,0,0,0
cus296,0,0,0,0,0
cus297,0,1,0,1,0
cus298,1,1,0,0,0
cus299,1,1,1,1,0
cus300,0,0,1,1,0
cus301,1,1,1,1,1
cus302,1,1,0,0,0
cus303,0,0,0,1,1
cus304,1,1,0,0,0
cus305,1,0,1,1,1
cus306,1,1,1,0,1
cus307,1,1,0,0,0
cus308,1,1,0,1,0
cus309,0,1,0,0,0
cus310,1,0,0,1,0
cus311,0,0,0,0,1
cus312,1,1,1,0,0
cus313,1,1,0,0,0
cus314,1,1,1,1,1
cus315,0,0,0,0,1
cus316,1,1,0,0,0
cus317,1,1,0,0,0
cus318,1,1,1,1,0
cus319,0,0,1,1,0
cus320,0,0,1,1,0
cus321,1,1,1,1,1
cus322,1,1,0,0,0
cus323,0,0,0,0,0
cus324,0,0,0,0,0
cus325,1,1,0,0,1
cus326,0,0,0,1,0
cus327,0,0,0,0,0
cus328,1,1,1,0,0
cus329,1,0,0,0,1
cus330,0,1,0,0,0
cus331,1,1,1,1,1
cus332,0,0,1,1,0
cus333,0,0,0,0,0
cus334,0,0,0,1,0
cus335,1,0,0,0,0
cus336,1,1,1,1,0
cus337,1,0,0,0,1
cus338,0,0,1,1,0
cus339,1,1,1,1,1
cus340,1,1,1,0,1
cus341,0,0,1,1,0
cus342,1,1,1,1,0
cus343,1,1,0,0,1
cus344,0,1,0,0,1
cus345,1,1,1,1,0
cus346,1,1,0,0,0
cus347,1,1,0,0,1
cus348,0,0,1,1,0
cus349,0,0,0,1,0
cus350,1,1,1,0,1
cus351,1,1,1,1,0
cus352,0,0,1,1,0
cus353,1,0,1,1,1
cus354,1,1,1,1,1
cus355,1,0,0,0,0
cus356,1,1,1,1,0
cus357,1,0,1,1,0
cus358,0,0,0,1,0
cus359,1,1,0,0,1
cus360,1,1,1,1,1
cus361,0,0,1,1,1
cus362,0,0,1,1,1
cus363,0,0,1,1,1
cus364,0,0,0,0,0
cus365,1,1,0,0,0
cus366,1,1,0,0,1
cus367,0,0,0,0,0
cus368,0,1,1,0,1
cus369,1,1,1,1,0
cus370,1,1,1,0,0
cus371,1,0,0,0,0
cus372,1,0,1,0,0
cus373,0,0,1,1,0
cus374,0,1,1,1,0
cus375,0,0,0,0,0
cus376,1,1,0,0,0
cus377,0,0,0,0,1
cus378,1,1,1,0,0
cus379,1,1,0,0,0
cus380,0,0,1,1,0
cus381,0,1,0,1,0
cus382,1,0,1,1,1
cus383,1,0,0,0,0
cus384,0,0,0,0,0
cus385,0,1,0,0,0
cus386,1,1,1,1,1
cus387,0,0,0,0,0
cus388,0,0,0,0,1
cus389,1,1,0,0,0
cus390,1,1,1,1,1
cus391,1,1,0,0,0
cus392,0,0,1,1,0
cus393,1,1,0,0,0
cus394,0,0,1,1,1
cus395,1,0,1,1,1
cus396,0,0,1,0,0
cus397,1,0,1,1,1
cus398,1,1,1,1,0
cus399,0,0,0,1,0
cus400,0,0,1,1,1
cus401,1,1,0,0,1
cus402,0,0,0,1,0
cus403,1,1,0,1,0
cus404,1,1,0,1,0
cus405,0,0,0,1,0
cus406,1,1,0,0,0
cus407,1,1,1,0,0
cus408,1,1,1,1,1
cus409,0,0,0,1,0
cus410,0,1,0,0,1
cus411,1,1,1,0,0
cus412,0,0,1,0,0
cus413,1,1,0,0,1
cus414,0,0,1,1,1
cus415,0,0,1,0,0
cus416,0,0,1,0,0
cus417,1,1,1,0,1
cus418,1,1,0,0,1
cus419,0,0,1,1,1
cus420,0,0,0,0,0
cus421,0,0,1,0,0
cus422,1,0,0,0,0
cus423,1,1,1,0,0
cus424,1,1,0,1,0
cus425,0,0,0,0,0
cus426,0,0,1,0,0
cus427,1,1,0,0,0
cus428,0,1,0,1,0
cus429,0,0,0,0,0
cus430,0,0,1,1,0
cus431,1,1,0,0,1
cus432,1,1,1,1,0
cus433,0,0,1,0,0
cus434,0,0,1,0,1
cus435,0,1,1,0,1
cus436,0,0,0,0,0
cus437,1,1,1,1,0
cus438,0,0,0,0,0
cus439,1,0,0,0,1
cus440,1,1,0,0,1
cus441,0,1,1,1,0
cus442,0,0,0,0,0
cus443,0,0,1,0,0
cus444,1,0,1,0,1
cus445,0,0,1,1,1
cus446,1,1,0,0,1
cus447,0,1,0,0,0
cus448,0,0,1,1,1
cus449,0,1,0,0,0
cus450,1,1,0,0,1
cus451,1,0,0,0,0
cus452,0,0,1,1,0
cus453,0,0,0,0,0
cus454,0,0,0,0,0
cus455,1,1,1,0,0
cus456,0,0,0,0,1
cus457,1,1,1,1,1
cus458,1,0,1,1,1
cus459,0,0,1,1,1
cus460,1,1,1,1,1
cus461,0,0,0,0,0
cus462,1,1,0,1,1
cus463,1,0,1,0,0
cus464,1,1,1,1,1
cus465,0,0,0,0,0
cus466,0,0,1,1,1
cus467,1,1,0,0,1
cus468,1,1,1,1,1
cus469,0,1,1,1,0
cus470,0,0,1,1,1
cus471,0,0,0,0,0
cus472,1,0,1,1,1
cus473,1,1,1,1,0
cus474,1,1,0,0,0
cus475,0,0,0,0,0
cus476,1,1,0,0,0
cus477,0,0,0,0,0
cus478,0,0,0,0,0
cus479,1,1,1,1,0
cus480,1,1,1,1,0
cus481,1,1,1,1,0
cus482,0,0,1,0,0
cus483,0,1,1,1,0
cus484,0,0,1,1,1
cus485,1,1,0,0,1
cus486,0,1,0,0,0
cus487,0,0,0,0,0
cus488,1,1,1,1,1
cus489,0,0,0,0,0
cus490,1,1,1,1,1
cus491,1,0,0,0,0
cus492,1,1,0,0,0
cus493,0,0,0,0,0
cus494,1,1,1,1,1
cus495,1,0,0,0,0
cus496,0,1,0,1,0
cus497,1,0,0,1,0
cus498,0,0,0,0,0
cus499,1,1,0,0,0
cus500,1,1,0,0,0
cus501,0,0,0,0,1
cus502,1,0,1,0,0
cus503,1,0,1,1,0
cus504,0,1,1,0,0
cus505,0,1,1,1,0
cus506,1,1,0,1,0
cus507,0,0,1,1,0
cus508,0,0,1,0,0
cus509,0,0,0,0,1
cus510,1,1,1,1,1
cus511,1,1,0,0,1
cus512,0,0,1,1,0
cus513,0,0,1,1,0
cus514,1,1,1,0,0
cus515,1,0,1,1,1
cus516,0,0,0,0,0
cus517,1,0,0,0,0
cus518,0,1,0,0,0
cus519,0,0,0,0,1
cus520,0,0,1,1,1
cus521,0,1,0,0,1
cus522,1,1,1,0,1
cus523,0,1,1,0,1
cus524,1,1,1,0,1
cus525,0,0,1,0,1
cus526,0,1,0,0,0
cus527,0,0,1,1,0
cus528,0,0,0,0,0
cus529,1,1,0,0,1
cus530,1,0,0,0,0
cus531,1,1,1,1,0
cus532,1,0,0,0,0
cus533,1,0,1,0,0
cus534,1,1,0,0,1
cus535,0,0,0,1,0
cus536,1,1,1,1,1
cus537,1,0,1,1,1
cus538,1,1,1,1,1
cus539,1,1,1,1,0
cus540,1,1,1,0,0
cus541,1,0,1,1,0
cus542,0,1,1,1,1
cus543,0,0,1,1,1
cus544,1,1,0,0,1
cus545,0,0,0,0,0
cus546,1,1,1,1,1
cus547,0,0,1,0,0
cus548,0,0,0,0,1
cus549,1,1,1,1,0
cus550,0,0,1,0,0
cus551,1,1,1,1,0
cus552,1,1,0,0,1
cus553,1,1,0,0,1
cus554,0,0,1,1,0
cus555,1,1,0,0,0
cus556,1,1,1,1,1
cus557,1,0,0,0,0
cus558,1,0,1,0,0
cus559,0,0,0,0,0
cus560,0,1,0,0,1
cus561,0,0,0,0,0
cus562,0,0,1,1,0
cus563,1,1,0,1,0
cus564,0,0,1,1,1
cus565,0,0,0,0,0
cus566,0,0,1,1,1
cus567,1,1,1,1,1
cus568,0,0,1,0,1
cus569,1,0,0,0,0
cus570,1,0,1,1,1
cus571,0,0,1,0,1
cus572,1,1,1,1,1
cus573,0,0,0,0,0
cus574,0,0,0,0,0
cus575,0,0,0,0,0
cus576,1,1,1,1,1
cus577,1,0,1,1,1
cus578,0,0,1,0,0
cus579,1,1,0,0,1
cus580,0,0,1,1,1
cus581,1,0,1,1,1
cus582,1,0,1,1,1
cus583,1,1,0,0,1
cus584,0,0,0,0,0
cus585,1,1,0,1,1
cus586,0,0,0,0,0
cus587,0,0,1,1,0
cus588,1,0,0,0,1
cus589,1,1,1,0,0
cus590,1,1,0,0,0
cus591,0,0,0,0,0
cus592,0,0,0,0,0
cus593,1,1,1,0,0
cus594,0,0,0,0,0
cus595,1,1,0,0,1
cus596,1,0,1,0,0
cus597,1,1,0,0,0
cus598,0,1,0,0,0
cus599,1,0,0,0,1
cus600,0,0,1,1,0
cus601,0,0,1,1,0
cus602,0,0,1,0,1
cus603,1,1,1,1,0
cus604,1,1,1,1,0
cus605,1,1,0,0,1
cus606,1,0,0,0,0
cus607,1,1,0,1,1
cus608,1,1,0,1,0
cus609,1,0,1,1,0
cus610,0,0,1,1,1
cus611,1,1,1,1,0
cus612,0,0,1,1,0
cus613,1,1,0,0,0
cus614,1,1,0,0,0
cus615,0,0,1,1,0
cus616,0,0,1,1,0
cus617,0,0,1,1,0
cus618,0,0,1,1,1
cus619,1,0,1,0,1
cus620,0,0,1,1,0
cus621,1,1,0,0,1
cus622,1,1,1,1,0
cus623,0,0,0,1,1
cus624,0,0,1,1,1
cus625,1,1,1,1,0
cus626,0,0,1,0,0
cus627,0,0,0,0,1
cus628,0,0,0,0,1
cus629,1,0,0,0,1
cus630,1,0,0,0,0
cus631,0,0,0,0,0
cus632,0,0,1,0,1
cus633,1,1,1,1,1
cus634,1,0,1,0,1
cus635,0,0,1,1,1
cus636,1,1,0,0,0
cus637,1,1,1,1,1
cus638,1,1,1,0,0
cus639,1,0,0,0,1
cus640,1,0,0,1,1
cus641,0,0,1,0,0
cus642,0,0,0,0,0
cus643,1,1,1,0,1
cus644,1,1,1,0,0
cus645,1,1,1,1,1
cus646,0,0,1,1,1
cus647,1,1,1,1,1
cus648,1,1,0,0,0
cus649,1,1,0,0,0
cus650,1,1,1,0,0
cus651,1,1,0,1,1
cus652,1,1,1,1,0
cus653,1,1,1,1,0
cus654,1,1,0,0,0
cus655,1,1,0,0,0
cus656,0,0,1,1,0
cus657,1,1,0,0,0
cus658,1,1,0,0,1
cus659,1,0,1,1,0
cus660,1,1,1,1,0
cus661,1,0,0,0,1
cus662,1,1,1,1,1
cus663,0,0,0,1,1
cus664,0,0,1,0,0
cus665,1,1,0,0,0
cus666,0,0,0,1,0
cus667,0,0,1,1,0
cus668,0,0,0,0,0
cus669,0,0,0,1,0
cus670,0,0,1,1,1
cus671,1,1,0,0,1
cus672,1,1,1,0,0
cus673,0,0,0,0,0
cus674,0,0,1,1,0
cus675,1,1,1,0,0
cus676,0,0,1,1,0
cus677,1,1,1,1,1
cus678,0,0,0,1,0
cus679,1,0,0,0,0
cus680,0,0,0,0,0
cus681,1,1,0,0,0
cus682,0,0,0,0,1
cus683,1,1,1,1,0
cus684,0,0,0,0,1
cus685,0,0,0,1,0
cus686,0,0,0,0,0
cus687,0,0,0,0,0
cus688,1,1,0,0,0
cus689,1,1,1,0,0
cus690,0,0,0,0,1
cus691,1,1,0,0,0
cus692,1,1,0,0,0
cus693,1,1,0,0,1
cus694,0,0,0,0,1
cus695,1,0,0,0,0
cus696,0,0,0,0,0
cus697,1,1,1,0,0
cus698,0,0,1,1,0
cus699,1,1,0,0,0
cus700,1,0,0,1,0
cus701,1,0,0,1,0
cus702,0,0,1,0,1
cus703,1,1,0,0,0
cus704,0,1,1,1,1
cus705,1,1,1,1,1
cus706,1,0,0,0,0
cus707,1,0,1,1,1
cus708,1,1,1,0,1
cus709,1,0,1,1,0
cus710,1,1,1,1,0
cus711,0,1,0,0,1
cus712,0,0,1,1,0
cus713,1,0,1,1,1
cus714,0,0,0,0,0
cus715,1,1,0,0,0
cus716,1,1,1,0,1
cus717,1,0,1,0,1
cus718,1,1,0,1,1
cus719,0,0,0,0,0
cus720,0,0,0,0,0
cus721,1,1,1,1,1
cus722,1,0,1,0,0
cus723,0,1,1,0,1
cus724,1,1,0,0,1
cus725,0,0,1,0,1
cus726,1,1,0,0,0
cus727,0,0,1,1,1
cus728,1,0,1,1,1
cus729,1,0,1,1,0
cus730,1,1,1,1,0
cus731,0,0,0,1,1
cus732,1,1,0,0,0
cus733,1,1,1,1,0
cus734,1,0,1,1,1
cus735,1,1,0,1,0
cus736,1,1,1,0,1
cus737,0,1,0,0,0
cus738,0,0,1,1,1
cus739,0,0,0,0,0
cus740,1,0,0,0,1
cus741,0,0,1,0,0
cus742,0,0,1,1,0
cus743,1,1,0,0,0
cus744,1,1,1,1,1
cus745,1,0,0,1,1
cus746,0,1,1,1,0
cus747,1,0,1,1,1
cus748,1,1,0,0,0
cus749,0,0,0,1,1
cus750,1,1,1,1,0
cus751,0,0,1,0,1
cus752,1,1,1,1,0
cus753,1,1,0,0,0
cus754,1,1,1,1,1
cus755,1,0,1,0,0
cus756,0,0,0,0,0
cus757,1,1,1,0,0
cus758,1,1,1,1,0
cus759,1,1,0,0,1
cus760,0,0,1,1,0
cus761,1,0,0,0,1
cus762,0,0,1,1,1
cus763,0,0,1,1,1
cus764,0,0,0,0,0
cus765,1,1,0,0,1
cus766,1,1,1,0,1
cus767,1,0,0,0,0
cus768,1,0,1,0,0
cus769,1,1,1,1,1
cus770,0,0,0,0,1
cus771,1,1,0,0,0
cus772,1,1,0,0,0
cus773,0,0,1,1,1
cus774,1,1,0,0,1
cus775,1,1,1,0,1
cus776,1,1,0,0,1
cus777,1,1,0,0,0
cus778,0,0,0,0,0
cus779,0,0,0,0,0
cus780,0,1,0,0,0
cus781,1,1,0,0,0
cus782,1,1,1,1,1
cus783,1,1,1,0,0
cus784,1,1,1,0,0
cus785,0,0,0,0,0
cus786,1,1,0,0,1
cus787,0,0,0,0,0
cus788,1,1,1,1,1
cus789,0,0,1,1,1
cus790,1,1,0,1,1
cus791,1,0,0,1,1
cus792,0,0,1,1,1
cus793,0,0,1,1,1
cus794,0,0,1,1,1
cus795,0,0,1,0,1
cus796,0,0,0,1,0
cus797,0,0,1,1,0
cus798,0,1,1,1,0
cus799,1,1,0,1,0
cus800,1,1,1,1,1
cus801,0,0,0,1,1
cus802,1,1,1,0,1
cus803,1,1,0,1,0
cus804,1,0,0,0,1
cus805,1,1,0,0,0
cus806,0,0,1,0,1
cus807,0,0,1,0,1
cus808,0,0,0,0,0
cus809,0,0,1,1,0
cus810,1,1,0,0,1
cus811,0,0,0,0,0
cus812,1,0,1,0,0
cus813,1,1,0,0,0
cus814,1,1,0,0,0
cus815,1,1,0,0,0
cus816,0,0,1,0,1
cus817,0,0,0,0,1
cus818,1,1,0,0,1
cus819,0,0,1,0,1
cus820,1,1,1,1,1
cus821,0,0,0,1,1
cus822,0,0,1,0,0
cus823,0,0,1,1,0
cus824,1,0,1,1,0
cus825,1,1,0,0,0
cus826,0,0,0,0,1
cus827,1,1,0,0,0
cus828,1,1,1,0,0
cus829,1,1,1,0,0
cus830,0,1,1,0,0
cus831,1,1,0,0,1
cus832,1,1,0,0,0
cus833,1,1,0,0,0
cus834,1,1,1,1,1
cus835,1,0,1,1,0
cus836,0,0,0,0,0
cus837,1,1,0,0,1
cus838,0,1,0,0,0
cus839,0,0,1,0,0
cus840,1,1,1,1,0
cus841,0,0,1,0,1
cus842,1,1,0,1,1
cus843,1,1,0,0,0
cus844,0,1,1,0,1
cus845,1,1,0,0,0
cus846,0,0,0,0,1
cus847,0,0,1,0,1
cus848,1,1,0,0,1
cus849,0,0,0,0,0
cus850,0,0,1,1,0
cus851,1,1,1,1,1
cus852,0,0,1,1,0
cus853,1,0,1,1,0
cus854,1,1,1,0,0
cus855,0,0,1,1,0
cus856,0,0,1,1,1
cus857,1,1,1,1,0
cus858,0,0,0,0,0
cus859,1,1,0,0,1
cus860,1,1,1,1,0
cus861,1,0,0,0,0
cus862,1,1,0,0,0
cus863,1,0,1,0,0
cus864,1,1,1,1,1
cus865,0,0,0,0,0
cus866,0,1,0,1,0
cus867,1,1,1,1,1
cus868,1,1,0,0,1
cus869,1,1,0,0,0
cus870,1,0,0,0,0
cus871,0,0,1,0,0
cus872,0,0,0,0,1
cus873,1,1,0,0,1
cus874,0,1,1,1,1
cus875,1,1,1,1,1
cus876,1,1,0,1,0
cus877,1,1,0,0,0
cus878,0,0,1,1,1
cus879,1,1,0,1,0
cus880,0,0,1,1,1
cus881,1,1,1,1,0
cus882,0,0,1,1,0
cus883,1,1,0,0,0
cus884,1,1,1,1,1
cus885,1,0,0,0,1
cus886,1,1,1,1,0
cus887,0,0,1,0,1
cus888,1,1,0,0,1
cus889,0,0,1,1,0
cus890,0,0,0,0,0
cus891,1,1,0,0,0
cus892,1,1,1,1,1
cus893,1,1,0,1,0
cus894,1,1,1,0,0
cus895,0,0,1,1,0
cus896,1,1,1,1,0
cus897,1,1,0,0,1
cus898,0,1,1,0,0
cus899,1,1,0,0,0
cus900,0,0,1,1,0
cus901,0,0,1,1,0
cus902,1,1,1,1,0
cus903,1,1,1,1,0
cus904,1,1,0,1,1
cus905,0,0,0,0,0
cus906,1,1,0,0,1
cus907,1,1,1,1,0
cus908,0,0,0,1,1
cus909,1,1,1,1,1
cus910,0,1,0,0,0
cus911,0,1,1,0,0
cus912,0,0,0,0,0
cus913,0,0,0,1,1
cus914,0,0,1,1,0
cus915,1,1,1,0,0
cus916,1,1,1,0,0
cus917,0,0,0,0,0
cus918,0,0,1,0,0
cus919,0,0,0,0,0
cus920,0,0,1,1,1
cus921,1,0,0,0,0
cus922,0,0,1,0,1
cus923,1,1,1,1,1
cus924,1,0,0,0,0
cus925,0,0,1,0,0
cus926,0,0,0,0,0
cus927,1,1,0,0,1
cus928,0,0,0,0,0
cus929,0,0,0,1,0
cus930,0,0,1,0,1
cus931,1,1,1,0,1
cus932,1,0,0,1,0
cus933,1,1,1,0,0
cus934,0,1,0,0,0
cus935,1,0,0,1,0
cus936,0,1,0,0,0
cus937,1,1,0,0,0
cus938,1,1,1,1,0
cus939,1,1,1,1,1
cus940,0,0,0,1,0
cus941,1,1,0,0,0
cus942,1,0,1,0,0
cus943,1,1,1,0,1
cus944,1,1,0,0,0
cus945,1,1,1,1,1
cus946,1,0,0,0,1
cus947,1,1,0,0,0
cus948,1,1,1,1,0
cus949,0,1,1,0,1
cus950,1,1,1,1,0
cus951,1,1,0,0,0
cus952,0,1,0,0,0
cus953,1,0,0,0,0
cus954,0,0,1,0,1
cus955,1,1,1,0,1
cus956,0,1,1,1,1
cus957,1,1,0,0,0
cus958,1,0,0,0,1
cus959,1,0,1,1,1
cus960,1,1,0,1,0
cus961,1,1,0,1,0
cus962,1,1,0,0,0
cus963,1,0,1,1,0
cus964,0,0,0,0,1
cus965,1,1,1,1,1
cus966,1,1,1,1,1
cus967,0,0,0,1,0
cus968,1,1,1,1,1
cus969,0,0,1,1,1
cus970,1,0,1,0,1
cus971,0,0,0,0,0
cus972,1,1,0,0,0
cus973,0,0,1,1,1
cus974,0,0,1,1,0
cus975,1,1,1,1,1
cus976,0,0,0,0,0
cus977,1,1,0,1,1
cus978,0,0,0,1,0
cus979,1,1,0,0,1
cus980,1,1,1,1,0
cus981,1,1,1,1,0
cus982,1,0,1,0,1
cus983,0,0,0,1,1
cus984,0,0,1,0,1
cus985,0,0,0,0,1
cus986,1,1,1,0,0
cus987,1,1,0,0,0
cus988,1,0,0,0,0
cus989,1,1,0,0,0
cus990,0,0,0,0,0
cus991,1,1,1,0,1
cus992,0,0,0,1,0
cus993,1,1,1,0,1
cus994,1,0,0,0,0
cus995,1,0,0,0,1
cus996,1,1,1,1,1
cus997,0,0,0,0,0
cus998,1,1,0,0,0
cus999,0,0,1,1,1
cus1000,0,1,1,0,0
cus1001,1,1,0,0,0
cus1002,1,0,0,1,0
cus1003,1,1,0,0,1
cus1004,1,1,1,1,0
cus1005,0,0,0,0,0
cus1006,1,1,1,0,1
cus1007,1,1,0,0,1
cus1008,1,1,0,0,0
cus1009,0,0,1,0,0
cus1010,0,0,0,0,0
cus1011,1,0,1,1,1
cus1012,0,0,1,1,1
cus1013,0,0,0,0,0
cus1014,1,1,1,0,1
cus1015,0,0,1,1,0
cus1016,1,1,1,1,1
cus1017,1,1,0,0,1
cus1018,1,0,1,1,1
cus1019,1,1,0,1,1
cus1020,1,0,1,1,1
cus1021,1,1,0,0,1
cus1022,1,1,1,0,0
cus1023,0,0,0,0,1
cus1024,0,0,1,0,1
cus1025,1,0,1,1,0
cus1026,0,0,1,1,0
cus1027,0,0,1,1,0
cus1028,1,1,1,0,0
cus1029,0,1,0,0,0
cus1030,0,0,0,0,1
cus1031,1,1,0,0,0
cus1032,1,1,0,0,1
cus1033,0,1,1,1,1
cus1034,0,0,1,1,0
cus1035,1,1,1,1,1
cus1036,0,0,1,1,0
cus1037,1,0,1,0,0
cus1038,0,0,1,0,1
cus1039,1,1,0,0,1
cus1040,0,0,1,1,1
cus1041,1,0,0,0,0
cus1042,1,0,1,0,1
cus1043,0,0,1,0,1
cus1044,0,0,0,0,1
cus1045,1,1,1,1,1
cus1046,1,1,0,1,0
cus1047,0,0,0,0,0
cus1048,1,1,0,1,1
cus1049,0,0,0,0,0
cus1050,0,0,0,0,0
cus1051,1,0,0,1,0
cus1052,1,1,0,0,0
cus1053,1,0,0,1,0
cus1054,1,1,1,0,1
cus1055,1,1,1,0,1
cus1056,1,1,1,0,1
cus1057,0,0,1,0,0
cus1058,0,0,1,1,0
cus1059,1,1,1,1,0
cus1060,1,1,0,0,1
cus1061,0,1,0,0,0
cus1062,1,1,1,0,0
cus1063,1,1,0,0,0
cus1064,1,1,0,1,0
cus1065,1,1,1,0,1
cus1066,0,1,1,1,0
cus1067,1,1,1,1,0
cus1068,0,0,0,0,1
cus1069,0,0,1,1,0
cus1070,1,1,1,1,0
cus1071,0,0,1,1,0
cus1072,1,1,0,0,0
cus1073,0,0,0,0,0
cus1074,0,0,1,0,1
cus1075,1,1,1,0,1
cus1076,0,0,1,0,1
cus1077,1,1,1,1,0
cus1078,1,1,0,0,0
cus1079,1,1,0,0,0
cus1080,1,1,1,1,0
cus1081,1,0,0,0,1
cus1082,0,0,1,1,0
cus1083,0,0,0,1,1
cus1084,1,1,1,1,1
cus1085,1,1,0,0,0
cus1086,0,0,1,0,0
cus1087,0,1,0,1,0
cus1088,0,0,0,1,0
cus1089,1,1,1,0,1
cus1090,1,1,0,0,1
cus1091,1,1,1,1,0
cus1092,1,1,1,0,0
cus1093,0,0,1,1,1
cus1094,1,0,0,0,1
cus1095,0,0,1,0,1
cus1096,1,1,0,0,1
cus1097,0,0,1,0,0
cus1098,0,0,0,0,0
cus1099,1,0,0,0,0
cus1100,1,1,0,0,0
cus1101,1,1,1,1,1
cus1102,1,1,1,1,1
cus1103,1,0,0,0,1
cus1104,0,0,0,1,0
cus1105,0,0,0,0,0
cus1106,1,1,1,1,1
cus1107,1,1,0,0,1
cus1108,1,1,0,0,0
cus1109,1,1,0,0,0
cus1110,1,1,1,1,1
cus1111,1,1,0,0,0
cus1112,0,1,0,0,0
cus1113,1,0,1,1,0
cus1114,1,1,0,0,0
cus1115,0,1,0,0,0
cus1116,1,1,0,0,0
cus1117,1,1,0,0,0
cus1118,1,1,1,0,0
cus1119,1,1,1,0,1
cus1120,1,1,0,0,0
cus1121,1,1,1,0,1
cus1122,0,0,0,0,0
cus1123,1,1,0,0,0
cus1124,0,0,1,1,1
cus1125,1,0,0,0,1
cus1126,0,0,1,1,1
cus1127,0,0,1,1,1
cus1128,1,1,0,1,1
cus1129,0,0,1,1,0
cus1130,1,1,0,0,0
cus1131,0,0,1,1,1
cus1132,1,1,0,0,0
cus1133,1,1,0,0,0
cus1134,0,0,0,1,0
cus1135,0,0,0,0,0
cus1136,1,1,1,0,1
cus1137,1,1,0,0,1
cus1138,0,0,0,1,0
cus1139,1,1,0,0,0
cus1140,1,1,1,0,1
cus1141,1,1,0,0,0
cus1142,1,0,1,0,0
cus1143,1,0,1,0,0
cus1144,1,1,1,1,1
cus1145,1,1,0,1,1
cus1146,0,0,1,1,0
cus1147,0,0,0,0,0
cus1148,0,0,1,1,0
cus1149,0,0,0,0,1
cus1150,0,0,0,0,0
cus1151,1,0,1,0,0
cus1152,1,1,1,1,1
cus1153,0,0,0,1,0
cus1154,0,0,1,1,0
cus1155,0,0,1,0,1
cus1156,1,1,1,0,1
cus1157,0,0,0,1,1
cus1158,0,0,0,0,1
cus1159,1,1,0,0,0
cus1160,0,1,0,0,1
cus1161,1,1,1,0,1
cus1162,1,1,0,0,0
cus1163,1,0,0,0,1
cus1164,1,1,0,0,0
cus1165,0,0,0,0,1
cus1166,1,1,1,1,1
cus1167,0,0,0,0,0
cus1168,0,0,1,1,0
cus1169,1,1,1,1,0
cus1170,1,1,0,0,0
cus1171,1,0,0,0,0
cus1172,0,1,1,1,0
cus1173,1,1,1,1,0
cus1174,1,1,1,0,0
cus1175,1,1,0,0,0
cus1176,1,0,0,0,0
cus1177,1,1,1,0,1
cus1178,1,1,0,0,0
cus1179,0,0,1,1,0
cus1180,1,0,1,0,1
cus1181,0,0,1,1,1
cus1182,0,0,0,0,1
cus1183,1,0,0,0,0
cus1184,1,0,0,0,0
cus1185,1,0,1,1,1
cus1186,0,0,0,0,0
cus1187,1,1,1,0,1
cus1188,0,0,1,1,1
cus1189,1,1,1,0,0
cus1190,1,1,1,0,0
cus1191,1,1,0,0,1
cus1192,0,0,1,0,0
cus1193,1,0,1,0,1
cus1194,0,0,1,0,0
cus1195,0,0,0,0,1
cus1196,0,1,1,1,0
cus1197,0,1,0,1,1
cus1198,1,1,0,0,0
cus1199,1,1,1,1,1
cus1200,0,0,0,0,1
cus1201,0,0,0,0,1
cus1202,0,0,1,1,1
cus1203,0,0,0,0,0
cus1204,0,1,0,0,1
cus1205,1,0,0,1,1
cus1206,1,0,1,0,1
cus1207,0,0,0,0,0
cus1208,1,1,0,1,0
cus1209,0,1,1,1,0
cus1210,0,1,0,0,0
cus1211,1,0,0,0,0
cus1212,1,1,1,0,0
cus1213,1,1,1,1,1
cus1214,0,0,1,1,1
cus1215,0,0,1,1,1
cus1216,1,1,0,0,1
cus1217,1,0,1,1,1
cus1218,1,0,1,0,1
cus1219,1,0,1,1,1
cus1220,0,1,0,1,0
cus1221,1,1,1,0,1
cus1222,1,1,1,1,0
cus1223,0,0,0,0,1
cus1224,0,0,0,0,0
cus1225,1,1,1,0,0
cus1226,0,0,1,1,1
cus1227,1,0,0,1,1
cus1228,1,1,0,0,0
cus1229,1,1,1,0,0
cus1230,1,1,1,1,0
cus1231,0,0,1,1,1
cus1232,1,1,0,1,0
cus1233,1,1,1,1,1
cus1234,1,1,0,1,1
cus1235,1,1,1,0,1
cus1236,1,1,1,1,1
cus1237,0,0,1,0,1
cus1238,0,0,1,1,1
cus1239,0,0,0,0,0
cus1240,1,1,0,0,1
cus1241,0,0,0,0,1
cus1242,0,0,1,1,1
cus1243,1,1,1,1,0
cus1244,0,0,1,1,1
cus1245,0,0,1,1,1
cus1246,0,1,0,0,0
cus1247,0,0,0,1,0
cus1248,0,0,0,0,0
cus1249,0,1,0,0,0
cus1250,0,0,0,0,1
cus1251,1,1,1,1,1
cus1252,1,1,0,0,1
cus1253,1,0,1,0,0
cus1254,1,0,1,1,0
cus1255,1,0,1,1,0
cus1256,0,0,1,0,1
cus1257,0,0,0,0,1
cus1258,0,0,1,0,0
cus1259,1,1,0,0,0
cus1260,0,0,1,0,1
cus1261,0,0,1,0,1
cus1262,1,1,1,1,0
cus1263,1,1,0,0,1
cus1264,0,0,0,0,1
cus1265,0,0,0,0,1
cus1266,1,0,1,1,1
cus1267,1,1,0,0,1
cus1268,0,0,1,1,1
cus1269,1,1,0,0,0
cus1270,1,1,0,0,0
cus1271,1,1,1,1,0
cus1272,0,0,1,0,0
cus1273,1,1,1,1,1
cus1274,0,0,1,1,0
cus1275,0,0,0,0,1
cus1276,1,1,0,0,0
cus1277,0,0,1,1,0
cus1278,0,0,0,0,0
cus1279,1,1,0,0,0
cus1280,1,1,1,1,0
cus1281,0,0,1,0,1
cus1282,0,0,1,1,0
cus1283,1,1,0,0,1
cus1284,1,1,0,0,0
cus1285,0,0,1,1,0
cus1286,1,0,0,0,0
cus1287,0,0,0,0,0
cus1288,0,0,1,1,0
cus1289,1,1,0,1,0
cus1290,1,0,1,1,0
cus1291,0,0,1,1,0
cus1292,1,1,1,1,1
cus1293,1,1,0,0,0
cus1294,1,1,1,0,0
cus1295,0,0,0,0,0
cus1296,0,0,1,1,1
cus1297,0,0,0,1,1
cus1298,1,0,1,1,0
cus1299,0,0,1,1,0
cus1300,1,1,1,1,0
cus1301,1,1,1,1,1
cus1302,0,0,0,0,0
cus1303,1,0,0,0,0
cus1304,1,0,0,0,1
cus1305,1,1,0,1,1
cus1306,0,1,0,0,0
cus1307,0,0,0,1,1
cus1308,1,1,0,0,0
cus1309,1,0,0,0,0
cus1310,1,1,0,1,0
cus1311,1,1,0,1,0
cus1312,0,0,1,0,0
cus1313,1,1,1,1,1
cus1314,1,1,0,0,0
cus1315,0,1,1,0,1
cus1316,0,0,1,1,0
cus1317,0,0,0,1,0
cus1318,1,1,1,1,0
cus1319,1,1,1,0,0
cus1320,1,1,1,0,0
cus1321,1,1,1,0,1
cus1322,1,1,0,0,1
cus1323,0,0,1,1,1
cus1324,0,0,1,1,0
cus1325,1,1,1,1,0
cus1326,1,0,0,0,0
cus1327,1,1,0,0,0
cus1328,1,0,0,1,0
cus1329,0,0,1,0,1
cus1330,1,0,0,0,0
cus1331,1,0,1,1,1
cus1332,1,1,1,1,1
cus1333,0,0,1,0,0
cus1334,0,0,0,1,1
cus1335,1,0,1,1,1
cus1336,0,0,1,1,0
cus1337,0,0,0,0,0
cus1338,1,1,1,1,1
cus1339,0,0,0,0,0
cus1340,0,0,1,0,1
cus1341,0,0,1,1,0
cus1342,0,0,0,0,0
cus1343,1,1,0,0,0
cus1344,1,1,1,1,1
cus1345,0,1,0,0,0
cus1346,1,1,1,0,0
cus1347,1,1,0,0,1
cus1348,0,0,1,1,0
cus1349,1,1,0,0,0
cus1350,0,0,1,0,0
cus1351,1,1,1,1,1
cus1352,1,0,0,0,1
cus1353,1,1,1,1,0
cus1354,0,0,1,0,1
cus1355,1,0,0,1,0
cus1356,1,1,1,0,1
cus1357,1,1,0,0,0
cus1358,0,0,0,0,0
cus1359,0,0,1,1,0
cus1360,1,0,1,1,1
cus1361,1,1,1,1,1
cus1362,0,0,1,1,1
cus1363,0,1,1,0,0
cus1364,1,1,0,0,0
cus1365,1,1,0,0,1
cus1366,0,0,1,0,0
cus1367,0,1,0,0,0
cus1368,1,1,0,1,0
cus1369,0,0,1,1,0
cus1370,1,1,1,1,1
cus1371,1,0,0,0,1
cus1372,1,1,1,0,0
cus1373,1,0,0,1,0
cus1374,1,1,1,1,0
cus1375,1,1,0,0,0
cus1376,1,1,1,0,1
cus1377,0,0,1,1,0
cus1378,0,0,1,1,0
cus1379,1,0,0,0,0
cus1380,0,0,1,1,0
cus1381,1,1,1,1,1
cus1382,1,1,0,0,0
cus1383,1,0,1,1,1
cus1384,1,1,0,0,0
cus1385,0,1,1,1,0
cus1386,1,1,0,0,0
cus1387,1,1,1,1,0
cus1388,1,1,0,0,1
cus1389,0,0,0,1,0
cus1390,0,1,1,0,1
cus1391,0,0,1,1,0
cus1392,1,1,0,0,0
cus1393,1,1,0,0,1
cus1394,1,0,1,0,1
cus1395,1,1,1,1,1
cus1396,1,1,0,0,1
cus1397,1,1,0,0,0
cus1398,1,1,1,1,1
cus1399,0,0,1,1,0
cus1400,0,0,0,0,0
cus1401,1,1,0,0,1
cus1402,1,1,1,1,1
cus1403,1,0,1,1,1
cus1404,0,0,1,1,0
cus1405,0,0,0,0,0
cus1406,1,1,0,0,1
cus1407,0,0,0,0,0
cus1408,0,0,1,1,0
cus1409,0,0,0,1,0
cus1410,1,1,1,1,1
cus1411,0,0,0,0,0
cus1412,1,0,1,0,0
cus1413,0,0,0,0,1
cus1414,0,1,1,1,1
cus1415,1,1,0,1,0
cus1416,1,1,0,0,0
cus1417,1,0,1,1,0
cus1418,1,1,0,0,1
cus1419,1,0,0,1,1
cus1420,0,0,1,1,0
cus1421,1,1,0,0,1
cus1422,1,1,1,0,1
cus1423,0,0,1,1,0
cus1424,0,0,1,0,0
cus1425,0,1,0,0,0
cus1426,1,1,1,1,0
cus1427,1,1,0,1,0
cus1428,0,0,0,0,1
cus1429,0,1,0,0,0
cus1430,0,0,1,1,0
cus1431,0,1,0,0,1
cus1432,0,0,1,1,0
cus1433,0,0,0,0,0
cus1434,1,0,1,1,1
cus1435,1,0,1,0,1
cus1436,1,0,0,0,0
cus1437,1,1,0,0,1
cus1438,0,0,1,1,0
cus1439,0,0,0,1,0
cus1440,1,1,0,0,0
cus1441,1,1,0,1,0
cus1442,1,1,1,1,0
cus1443,1,1,1,1,1
cus1444,0,0,0,0,0
cus1445,0,0,1,1,0
cus1446,0,0,1,0,0
cus1447,1,1,1,1,1
cus1448,1,1,0,0,0
cus1449,0,0,1,1,1
cus1450,1,1,0,1,0
cus1451,0,0,1,0,1
cus1452,0,1,1,0,0
cus1453,1,1,0,1,0
cus1454,1,1,1,1,1
cus1455,1,0,0,1,0
cus1456,0,0,1,0,0
cus1457,0,1,1,1,1
cus1458,1,1,1,0,0
cus1459,0,1,1,1,1
cus1460,0,0,1,1,0
cus1461,1,1,1,0,1
cus1462,0,0,1,0,1
cus1463,0,0,1,1,1
cus1464,0,1,0,0,0
cus1465,1,1,1,0,1
cus1466,1,1,0,1,0
cus1467,1,0,0,0,1
cus1468,1,1,1,0,1
cus1469,0,0,0,0,0
cus1470,1,1,1,0,0
cus1471,1,1,1,1,1
cus1472,0,0,0,1,0
cus1473,0,0,0,0,0
cus1474,1,1,0,1,0
cus1475,0,0,1,1,1
cus1476,1,1,1,1,1
cus1477,1,1,0,0,0
cus1478,1,1,0,0,0
cus1479,0,1,0,0,1
cus1480,1,1,0,0,1
cus1481,1,1,0,0,1
cus1482,1,1,0,1,0
cus1483,1,1,1,0,1
cus1484,1,1,1,1,0
cus1485,1,1,1,1,1
cus1486,1,1,1,0,0
cus1487,1,1,1,1,1
cus1488,0,0,1,1,1
cus1489,0,1,1,1,1
cus1490,0,0,1,0,1
cus1491,1,1,1,1,0
cus1492,0,0,1,1,1
cus1493,1,1,0,0,1
cus1494,1,0,0,0,1
cus1495,0,1,0,0,0
cus1496,1,1,1,0,1
cus1497,1,1,1,1,1
cus1498,0,0,0,0,0
cus1499,1,1,1,1,0
cus1500,1,1,0,0,0
cus1501,1,0,1,1,0
cus1502,0,0,1,1,0
cus1503,0,0,1,1,0
cus1504,0,0,1,0,1
cus1505,1,1,0,0,1
cus1506,0,0,0,0,1
cus1507,1,1,1,1,0
cus1508,0,0,1,1,1
cus1509,1,1,0,0,1
cus1510,1,0,1,0,0
cus1511,0,0,0,0,0
cus1512,1,1,0,0,0
cus1513,0,0,1,0,0
cus1514,0,0,1,0,1
cus1515,1,1,1,0,1
cus1516,1,1,0,0,0
cus1517,0,0,1,1,0
cus1518,0,0,0,0,1
cus1519,1,0,0,0,1
cus1520,0,0,1,0,1
cus1521,0,0,0,0,0
cus1522,0,0,0,0,1
cus1523,1,1,0,0,1
cus1524,1,1,0,0,0
cus1525,0,0,1,0,0
cus1526,0,0,1,0,0
cus1527,1,1,1,0,0
cus1528,1,1,0,1,1
cus1529,1,1,1,1,1
cus1530,0,0,1,1,0
cus1531,1,1,1,0,0
cus1532,0,0,0,0,0
cus1533,1,1,0,0,1
cus1534,1,1,0,0,1
cus1535,0,0,0,0,0
cus1536,0,0,0,1,1
cus1537,0,0,0,0,1
cus1538,0,0,1,1,0
cus1539,1,0,1,1,0
cus1540,0,0,0,0,1
cus1541,0,0,0,0,1
cus1542,1,1,0,0,0
cus1543,1,1,1,1,1
cus1544,0,0,0,0,0
cus1545,0,0,1,0,0
cus1546,1,1,1,0,1
cus1547,1,1,1,0,1
cus1548,0,0,1,0,1
cus1549,0,0,0,0,0
cus1550,0,0,0,0,0
cus1551,1,1,1,1,1
cus1552,0,0,0,0,1
cus1553,0,1,1,0,0
cus1554,0,0,1,1,0
cus1555,1,1,1,1,1
cus1556,1,1,0,0,0
cus1557,1,1,0,1,0
cus1558,1,1,0,1,0
cus1559,1,1,1,0,0
cus1560,1,0,1,1,1
cus1561,1,1,0,0,1
cus1562,1,1,0,0,1
cus1563,1,1,1,1,1
cus1564,1,1,0,0,0
cus1565,1,1,1,0,1
cus1566,0,0,1,1,1
cus1567,1,1,1,0,1
cus1568,1,1,0,0,0
cus1569,0,0,1,1,0
cus1570,0,0,1,1,1
cus1571,1,1,0,0,0
cus1572,1,1,1,1,1
cus1573,1,1,1,1,1
cus1574,0,0,1,1,1
cus1575,0,1,0,0,0
cus1576,1,1,1,1,1
cus1577,1,1,0,0,1
cus1578,0,0,1,1,0
cus1579,1,1,0,0,0
cus1580,0,0,1,1,0
cus1581,0,0,1,0,1
cus1582,0,1,0,0,0
cus1583,0,0,0,1,1
cus1584,1,1,1,1,1
cus1585,0,0,1,1,0
cus1586,1,0,0,0,1
cus1587,0,0,0,0,1
cus1588,1,1,0,0,0
cus1589,1,1,0,1,1
cus1590,1,1,0,0,1
cus1591,0,1,0,1,0
cus1592,1,1,0,1,1
cus1593,0,0,1,1,0
cus1594,1,1,1,1,0
cus1595,0,0,1,0,0
cus1596,1,0,0,0,0
cus1597,1,1,0,0,0
cus1598,0,0,1,0,0
cus1599,0,0,1,1,1
cus1600,1,1,1,0,1
cus1601,0,0,1,0,0
cus1602,1,0,1,0,1
cus1603,0,0,0,0,0
cus1604,0,0,0,0,0
cus1605,1,0,0,0,1
cus1606,1,0,1,1,0
cus1607,1,1,1,1,0
cus1608,1,1,0,0,0
cus1609,0,0,1,0,0
cus1610,1,1,1,0,1
cus1611,1,1,0,0,0
cus1612,1,1,1,1,0
cus1613,0,0,0,1,0
cus1614,1,1,1,1,0
cus1615,1,1,0,0,0
cus1616,1,1,0,0,0
cus1617,1,1,1,1,0
cus1618,0,0,0,1,0
cus1619,0,0,0,0,0
cus1620,0,1,1,1,0
cus1621,0,0,1,1,0
cus1622,0,0,1,0,0
cus1623,1,1,0,0,0
cus1624,1,1,1,1,1
cus1625,1,1,1,0,1
cus1626,1,1,0,0,1
cus1627,0,0,0,0,0
cus1628,1,1,0,0,1
cus1629,1,1,0,0,0
cus1630,1,1,0,0,1
cus1631,1,0,1,0,0
cus1632,1,1,1,1,0
cus1633,0,1,1,1,1
cus1634,1,1,0,0,1
cus1635,0,0,1,1,0
cus1636,1,1,0,1,1
cus1637,1,1,1,0,1
cus1638,1,1,0,0,1
cus1639,0,0,1,1,1
cus1640,1,1,1,1,1
cus1641,1,1,0,0,0
cus1642,1,1,1,1,1
cus1643,1,0,1,1,1
cus1644,1,1,1,1,0
cus1645,0,0,1,0,1
cus1646,0,0,1,1,0
cus1647,1,1,0,0,1
cus1648,1,1,0,0,1
cus1649,0,0,1,1,1
cus1650,0,0,0,0,0
cus1651,0,0,1,1,0
cus1652,0,0,0,0,0
cus1653,1,1,0,1,0
cus1654,1,1,1,1,0
cus1655,1,1,1,1,1
cus1656,0,0,1,1,1
cus1657,1,0,0,0,0
cus1658,0,0,1,1,0
cus1659,0,0,1,1,0
cus1660,0,0,0,1,0
cus1661,0,0,0,0,1
cus1662,1,1,1,1,1
cus1663,1,1,1,1,1
cus1664,1,0,0,0,0
cus1665,1,1,1,1,1
cus1666,0,1,0,0,0
cus1667,0,0,0,0,0
cus1668,1,0,1,1,0
cus1669,0,0,1,1,0
cus1670,0,0,1,1,0
cus1671,0,1,0,0,1
cus1672,1,1,0,1,1
cus1673,0,1,1,1,0
cus1674,0,0,0,0,1
cus1675,1,1,1,0,0
cus1676,1,1,1,1,1
cus1677,1,1,0,0,1
cus1678,1,0,1,1,1
cus1679,0,1,0,0,0
cus1680,0,0,1,0,0
cus1681,1,0,0,0,0
cus1682,1,1,1,1,1
cus1683,1,0,1,1,1
cus1684,1,0,0,0,1
cus1685,0,0,1,1,1
cus1686,1,1,0,0,1
cus1687,1,1,1,0,0
cus1688,1,1,1,1,1
cus1689,1,1,0,0,1
cus1690,0,0,0,1,0
cus1691,0,1,0,0,0
cus1692,1,1,1,0,1
cus1693,0,0,1,0,0
cus1694,1,1,0,0,1
cus1695,1,1,1,1,0
cus1696,0,1,0,0,0
cus1697,1,1,0,0,0
cus1698,0,1,0,0,1
cus1699,0,1,1,0,1
cus1700,0,0,0,1,0
cus1701,1,1,1,0,1
cus1702,0,1,0,0,1
cus1703,1,1,0,0,1
cus1704,1,0,0,0,0
cus1705,1,1,1,1,1
cus1706,1,1,0,0,0
cus1707,0,1,0,0,0
cus1708,1,1,0,0,0
cus1709,0,0,0,0,0
cus1710,1,0,1,1,1
cus1711,0,1,0,0,0
cus1712,0,1,0,0,0
cus1713,1,0,0,0,0
cus1714,1,0,0,0,1
cus1715,1,1,1,1,0
cus1716,1,1,1,1,1
cus1717,1,0,0,0,0
cus1718,1,0,0,0,0
cus1719,0,1,1,0,0
cus1720,1,1,1,1,0
cus1721,1,1,0,1,0
cus1722,1,1,1,1,0
cus1723,1,0,0,1,1
cus1724,0,0,1,1,1
cus1725,0,0,0,0,1
cus1726,0,0,0,0,0
cus1727,0,0,1,1,1
cus1728,0,0,1,1,0
cus1729,0,0,1,1,0
cus1730,1,1,1,0,1
cus1731,1,1,1,1,1
cus1732,1,1,1,1,0
cus1733,1,1,1,1,0
cus1734,0,0,1,1,0
cus1735,0,1,1,1,1
cus1736,1,1,0,0,1
cus1737,1,0,1,1,1
cus1738,0,0,1,1,1
cus1739,1,1,1,1,1
cus1740,0,0,0,0,0
cus1741,0,0,1,1,1
cus1742,1,1,0,1,0
cus1743,0,0,0,0,0
cus1744,0,0,0,0,0
cus1745,1,0,1,1,0
cus1746,0,0,1,1,1
cus1747,1,1,1,1,1
cus1748,0,0,1,1,0
cus1749,0,0,1,1,0
cus1750,1,1,1,1,1
cus1751,0,0,1,1,0
cus1752,0,0,1,1,0
cus1753,1,1,0,0,1
cus1754,0,0,1,1,1
cus1755,1,1,0,0,0
cus1756,1,0,1,0,1
cus1757,1,0,1,0,0
cus1758,1,1,0,1,0
cus1759,0,1,1,0,0
cus1760,1,1,0,1,0
cus1761,0,0,1,0,0
cus1762,0,0,0,1,1
cus1763,1,1,0,0,0
cus1764,0,0,1,1,1
cus1765,1,0,1,1,0
cus1766,1,1,1,1,1
cus1767,1,1,0,0,0
cus1768,1,1,0,0,1
cus1769,0,0,1,0,1
cus1770,0,0,0,0,1
cus1771,0,0,1,0,0
cus1772,1,1,1,1,0
cus1773,1,0,0,0,1
cus1774,0,0,0,0,0
cus1775,0,1,0,1,0
cus1776,1,1,1,1,1
cus1777,0,0,1,1,0
cus1778,0,0,0,0,1
cus1779,1,0,0,0,1
cus1780,1,1,0,1,0
cus1781,1,0,0,0,0
cus1782,0,0,0,0,0
cus1783,0,0,0,0,1
cus1784,1,1,0,0,0
cus1785,1,1,0,0,1
cus1786,0,0,1,1,0
cus1787,1,1,1,0,0
cus1788,0,1,0,0,0
cus1789,1,1,0,0,1
cus1790,0,0,0,0,0
cus1791,1,0,1,1,1
cus1792,1,1,0,0,0
cus1793,1,1,1,1,0
cus1794,0,0,0,0,1
cus1795,1,1,1,1,1
cus1796,0,0,0,0,0
cus1797,0,0,0,0,1
cus1798,0,0,0,0,0
cus1799,1,1,1,1,1
cus1800,1,1,0,1,0
cus1801,0,0,0,0,0
cus1802,1,1,0,0,0
cus1803,1,1,1,1,1
cus1804,1,1,0,1,0
cus1805,1,0,1,1,1
cus1806,1,1,1,0,1
cus1807,1,1,1,0,1
cus1808,0,1,0,0,1
cus1809,1,1,0,0,0
cus1810,1,1,0,0,0
cus1811,0,0,1,1,0
cus1812,0,0,1,1,1
cus1813,0,0,0,0,0
cus1814,1,1,0,1,1
cus1815,0,0,1,1,1
cus1816,0,0,0,0,1
cus1817,1,1,1,0,1
cus1818,1,1,0,0,0
cus1819,1,1,1,0,1
cus1820,0,0,1,0,1
cus1821,0,0,1,0,1
cus1822,1,1,0,0,0
cus1823,0,0,0,0,0
cus1824,1,1,0,0,0
cus1825,0,0,0,0,0
cus1826,0,0,0,0,0
cus1827,1,1,0,0,0
cus1828,0,0,1,1,0
cus1829,1,1,0,0,0
cus1830,1,1,1,1,1
cus1831,1,1,1,1,1
cus1832,1,0,0,0,0
cus1833,0,0,0,0,0
cus1834,0,0,1,1,1
cus1835,1,0,1,1,1
cus1836,1,1,0,0,1
cus1837,1,1,1,0,0
cus1838,0,0,1,0,0
cus1839,0,1,0,0,0
cus1840,1,1,0,0,0
cus1841,0,0,0,0,0
cus1842,1,1,0,0,0
cus1843,0,0,1,1,1
cus1844,1,1,0,0,1
cus1845,1,1,0,0,0
cus1846,0,0,0,0,0
cus1847,1,1,0,0,0
cus1848,1,1,1,1,0
cus1849,1,1,0,0,0
cus1850,0,0,1,1,1
cus1851,1,1,1,1,0
cus1852,1,1,1,0,1
cus1853,1,1,0,0,0
cus1854,1,1,1,1,1
cus1855,1,1,0,0,0
cus1856,1,1,0,1,1
cus1857,1,0,0,1,0
cus1858,0,0,0,0,1
cus1859,1,1,0,0,0
cus1860,0,0,0,0,1
cus1861,1,1,0,0,0
cus1862,1,1,0,1,1
cus1863,1,1,0,0,0
cus1864,1,0,1,1,0
cus1865,1,0,0,0,1
cus1866,0,0,1,1,0
cus1867,0,0,1,0,1
cus1868,1,1,0,0,0
cus1869,0,0,0,0,1
cus1870,0,0,0,0,0
cus1871,1,1,0,0,1
cus1872,0,0,1,0,0
cus1873,1,0,1,1,1
cus1874,1,1,0,0,0
cus1875,0,0,1,0,1
cus1876,1,1,1,0,1
cus1877,1,1,0,0,0
cus1878,0,0,1,1,0
cus1879,0,0,1,0,1
cus1880,1,1,1,1,1
cus1881,0,0,0,0,1
cus1882,1,1,0,1,0
cus1883,1,1,0,1,0
cus1884,1,1,1,1,1
cus1885,0,0,0,0,0
cus1886,0,0,0,0,0
cus1887,0,0,0,0,1
cus1888,1,1,1,1,0
cus1889,1,1,1,1,1
cus1890,1,0,0,0,1
cus1891,1,1,1,1,0
cus1892,1,1,0,0,1
cus1893,0,1,0,0,0
cus1894,0,0,0,0,0
cus1895,1,1,0,0,0
cus1896,0,0,0,0,1
cus1897,1,1,0,0,0
cus1898,0,1,1,1,1
cus1899,1,1,1,1,0
cus1900,1,1,1,0,1
cus1901,1,1,0,0,1
cus1902,1,1,0,0,1
cus1903,1,1,1,0,0
cus1904,1,1,0,0,1
cus1905,1,1,0,0,1
cus1906,1,0,1,0,0
cus1907,1,0,1,0,1
cus1908,1,1,0,1,0
cus1909,1,1,1,1,1
cus1910,1,1,1,1,0
cus1911,1,0,0,0,0
cus1912,0,1,0,0,0
cus1913,0,1,0,0,0
cus1914,1,1,0,0,0
cus1915,1,1,1,1,1
cus1916,1,1,0,1,1
cus1917,1,1,1,1,0
cus1918,0,0,1,1,0
cus1919,1,1,0,0,1
cus1920,1,1,1,1,1
cus1921,1,0,1,1,0
cus1922,0,0,1,1,0
cus1923,0,0,0,1,0
cus1924,0,0,0,0,1
cus1925,1,1,1,0,1
cus1926,1,1,0,1,1
cus1927,1,1,1,0,1
cus1928,1,0,1,1,1
cus1929,1,1,1,1,1
cus1930,0,0,0,0,1
cus1931,1,1,1,1,1
cus1932,0,0,1,1,0
cus1933,0,0,1,1,1
cus1934,0,1,1,0,0
cus1935,1,1,1,1,1
cus1936,0,0,1,1,1
cus1937,1,1,1,0,0
cus1938,1,1,1,1,0
cus1939,0,0,1,0,0
cus1940,0,0,0,0,0
cus1941,0,0,0,0,0
cus1942,1,1,1,1,0
cus1943,1,0,1,1,1
cus1944,1,1,1,1,0
cus1945,0,0,0,0,1
cus1946,0,0,1,1,1
cus1947,1,1,1,0,0
cus1948,0,0,1,1,0
cus1949,1,1,0,0,1
cus1950,0,0,1,1,0
cus1951,1,1,1,0,1
cus1952,1,1,0,1,0
cus1953,0,1,0,0,0
cus1954,1,1,0,0,1
cus1955,0,0,1,1,0
cus1956,1,1,0,0,0
cus1957,1,1,0,0,0
cus1958,0,1,1,1,1
cus1959,1,1,1,1,1
cus1960,0,0,0,0,0
cus1961,0,0,1,0,0
cus1962,0,0,0,0,0
cus1963,1,0,1,0,0
cus1964,0,0,1,1,1
cus1965,0,0,0,1,0
cus1966,0,0,0,0,0
cus1967,1,0,1,0,1
cus1968,1,0,1,0,0
cus1969,0,0,1,0,1
cus1970,1,0,1,1,1
cus1971,0,0,1,1,0
cus1972,1,1,0,0,1
cus1973,0,0,0,0,0
cus1974,1,1,1,0,1
cus1975,1,1,1,1,0
cus1976,1,1,1,0,0
cus1977,1,1,1,0,1
cus1978,0,0,0,1,1
cus1979,0,1,0,0,0
cus1980,1,1,0,0,1
cus1981,1,1,1,1,0
cus1982,1,0,1,1,1
cus1983,1,0,1,1,1
cus1984,0,1,1,1,0
cus1985,1,0,0,0,0
cus1986,1,1,0,0,0
cus1987,0,1,1,1,1
cus1988,1,1,0,0,0
cus1989,0,1,1,0,1
cus1990,1,1,1,1,1
cus1991,1,1,1,1,1
cus1992,1,1,0,0,1
cus1993,0,0,1,1,0
cus1994,0,0,1,0,1
cus1995,1,0,0,1,0
cus1996,1,1,0,0,0
cus1997,1,1,1,0,0
cus1998,0,0,1,1,0
cus1999,1,1,1,0,1
cus2000,0,0,0,0,1
cus2001,1,1,1,1,1
cus2002,0,1,0,0,0
cus2003,0,0,0,0,0
cus2004,1,1,1,1,1
cus2005,1,1,0,1,0
cus2006,1,0,0,0,0
cus2007,1,0,0,0,0
cus2008,1,0,1,1,1
cus2009,0,1,1,1,0
cus2010,0,0,1,0,0
cus2011,0,0,0,0,0
cus2012,1,1,0,0,1
cus2013,1,1,0,0,1
cus2014,0,0,0,0,0
cus2015,0,0,0,0,0
cus2016,1,1,1,1,0
cus2017,0,0,0,0,1
cus2018,0,0,1,0,1
cus2019,1,1,1,0,0
cus2020,1,1,0,0,1
cus2021,0,0,0,0,0
cus2022,1,1,0,0,1
cus2023,1,1,0,0,1
cus2024,1,1,0,1,0
cus2025,1,1,0,0,1
cus2026,0,0,0,0,0
cus2027,0,0,0,0,1
cus2028,1,1,0,0,0
cus2029,1,1,0,0,0
cus2030,0,0,0,0,0
cus2031,0,0,1,1,0
cus2032,1,1,1,0,0
cus2033,0,0,1,1,0
cus2034,1,1,1,1,1
cus2035,1,1,0,0,1
cus2036,1,0,1,1,0
cus2037,0,0,1,1,0
cus2038,1,0,0,1,1
cus2039,0,0,1,0,1
cus2040,0,0,0,0,1
cus2041,1,1,1,1,1
cus2042,1,0,1,1,0
cus2043,0,0,1,1,0
cus2044,0,0,1,1,1
cus2045,0,0,0,0,1
cus2046,1,1,0,1,1
cus2047,1,1,0,0,0
cus2048,0,0,1,0,1
cus2049,1,1,1,1,1
cus2050,0,0,0,0,1
cus2051,0,0,1,1,0
cus2052,1,1,0,0,1
cus2053,0,0,0,0,0
cus2054,1,1,1,1,1
cus2055,1,1,0,1,0
cus2056,1,1,0,0,0
cus2057,1,1,0,0,1
cus2058,1,1,1,1,1
cus2059,1,1,1,0,1
cus2060,0,0,1,1,0
cus2061,0,0,1,0,1
cus2062,0,0,1,0,1
cus2063,0,0,0,1,0
cus2064,1,1,1,0,1
cus2065,0,0,0,1,1
cus2066,1,1,1,1,0
cus2067,0,0,1,0,1
cus2068,0,0,1,1,0
cus2069,1,1,1,0,0
cus2070,1,1,0,0,0
cus2071,0,0,1,0,0
cus2072,1,0,1,1,0
cus2073,0,0,0,0,1
cus2074,1,0,1,1,0
cus2075,1,0,0,0,0
cus2076,1,1,0,0,0
cus2077,0,0,1,0,0
cus2078,1,1,0,0,0
cus2079,0,0,0,0,1
cus2080,0,0,0,0,0
cus2081,1,1,1,1,0
cus2082,1,1,0,0,1
cus2083,0,0,1,1,0
cus2084,0,0,1,1,0
cus2085,1,1,0,0,0
cus2086,0,0,0,1,0
cus2087,1,1,0,0,0
cus2088,1,1,0,0,1
cus2089,0,0,0,0,1
cus2090,0,0,0,0,0
cus2091,0,0,0,0,0
cus2092,1,1,1,1,1
cus2093,1,1,0,0,1
cus2094,1,1,1,0,1
cus2095,0,0,0,1,0
cus2096,1,1,1,1,1
cus2097,1,1,0,0,1
cus2098,0,1,0,0,0
cus2099,1,1,1,1,0
cus2100,1,1,0,0,1
cus2101,1,1,0,0,0
cus2102,1,1,0,0,1
cus2103,1,1,1,1,0
cus2104,1,1,0,0,0
cus2105,1,1,0,0,0
cus2106,0,0,1,0,1
cus2107,0,0,0,1,0
cus2108,1,1,1,1,1
cus2109,1,1,0,0,0
cus2110,1,0,0,0,1
cus2111,1,1,0,0,0
cus2112,1,1,0,0,0
cus2113,1,0,1,1,1
cus2114,0,0,1,0,0
cus2115,0,0,1,1,0
cus2116,0,0,0,1,0
cus2117,1,0,1,1,1
cus2118,1,1,0,0,1
cus2119,0,0,1,1,0
cus2120,0,0,0,1,0
cus2121,1,1,0,0,0
cus2122,1,1,0,0,0
cus2123,1,0,1,1,1
cus2124,1,0,0,1,1
cus2125,1,1,0,0,0
cus2126,0,0,0,0,0
cus2127,0,0,1,1,1
cus2128,0,0,0,0,1
cus2129,0,0,1,0,1
cus2130,1,0,0,0,0
cus2131,0,0,0,0,0
cus2132,0,0,0,0,0
cus2133,1,1,0,0,0
cus2134,1,1,1,0,1
cus2135,0,0,1,1,1
cus2136,0,0,0,1,1
cus2137,1,0,1,0,1
cus2138,1,1,1,0,1
cus2139,0,1,0,1,0
cus2140,0,0,1,0,1
cus2141,1,1,1,0,1
cus2142,0,0,0,0,1
cus2143,0,0,0,0,0
cus2144,1,1,1,1,1
cus2145,0,0,0,0,0
cus2146,1,1,1,1,0
cus2147,1,0,0,0,1
cus2148,1,0,1,1,1
cus2149,1,0,1,1,1
cus2150,0,0,0,0,1
cus2151,1,1,0,0,1
cus2152,0,0,0,0,0
cus2153,1,1,0,0,0
cus2154,0,0,1,1,0
cus2155,1,1,1,1,1
cus2156,1,1,0,0,1
cus2157,0,0,0,0,0
cus2158,1,1,1,0,1
cus2159,0,0,0,1,1
cus2160,1,1,1,0,1
cus2161,1,0,1,0,0
cus2162,1,1,1,0,0
cus2163,0,0,1,0,0
cus2164,0,0,0,0,0
cus2165,1,1,0,1,0
cus2166,1,1,0,0,0
cus2167,1,1,1,1,1
cus2168,0,0,0,0,0
cus2169,0,0,0,0,1
cus2170,0,0,0,0,1
cus2171,1,1,0,0,1
cus2172,0,0,1,0,0
cus2173,0,0,1,1,1
cus2174,0,1,0,0,0
cus2175,1,1,0,0,0
cus2176,1,1,0,1,0
cus2177,1,1,1,1,1
cus2178,0,1,1,0,1
cus2179,0,1,0,0,0
cus2180,1,1,1,1,1
cus2181,1,1,0,0,0
cus2182,1,1,1,0,1
cus2183,1,1,1,0,0
cus2184,1,1,1,1,1
cus2185,0,0,1,1,0
cus2186,1,0,1,1,0
cus2187,0,0,1,0,0
cus2188,1,0,1,1,1
cus2189,0,0,1,1,1
cus2190,0,1,0,0,0
cus2191,1,0,1,1,0
cus2192,0,0,0,0,0
cus2193,1,1,1,1,0
cus2194,1,1,0,0,1
cus2195,1,0,1,0,0
cus2196,1,0,0,0,0
cus2197,0,0,0,0,1
cus2198,1,1,1,0,0
cus2199,0,0,0,0,0
cus2200,1,0,0,0,0
cus2201,1,1,0,0,1
cus2202,0,0,0,0,0
cus2203,1,1,0,0,0
cus2204,0,0,0,0,0
cus2205,0,1,0,0,0
cus2206,0,1,1,0,1
cus2207,1,1,1,0,0
cus2208,0,0,1,0,0
cus2209,0,0,0,0,0
cus2210,0,1,1,1,1
cus2211,1,1,0,0,0
cus2212,1,1,0,1,0
cus2213,0,1,0,0,1
cus2214,1,1,1,1,1
cus2215,1,0,1,1,1
cus2216,1,1,1,1,0
cus2217,0,0,1,1,0
cus2218,1,0,0,0,0
cus2219,0,0,1,1,0
cus2220,1,1,0,0,0
cus2221,1,0,0,0,0
cus2222,1,0,0,0,0
cus2223,0,0,1,1,0
cus2224,0,0,0,0,0
cus2225,0,0,1,1,1
cus2226,0,0,1,1,0
cus2227,0,0,1,0,0
cus2228,1,1,0,0,0
cus2229,0,0,1,0,1
cus2230,0,0,1,0,0
cus2231,1,1,1,1,0
cus2232,1,0,1,0,0
cus2233,1,1,0,0,1
cus2234,1,1,1,1,1
cus2235,0,0,0,0,0
cus2236,0,0,0,0,1
cus2237,0,0,0,0,0
cus2238,0,1,0,0,0
cus2239,0,0,1,1,1
cus2240,1,0,1,1,0
cus2241,1,1,0,0,0
cus2242,0,0,1,1,1
cus2243,1,1,0,1,0
cus2244,1,1,0,0,0
cus2245,1,1,0,0,0
cus2246,1,1,0,0,0
cus2247,0,0,1,1,1
cus2248,1,1,0,0,1
cus2249,1,0,1,1,1
cus2250,0,0,1,1,0
cus2251,0,0,0,0,0
cus2252,0,1,1,0,1
cus2253,1,1,0,0,0
cus2254,0,0,1,0,1
cus2255,1,1,0,1,1
cus2256,1,1,0,0,0
cus2257,1,1,0,1,0
cus2258,1,0,1,1,0
cus2259,0,0,0,0,1
cus2260,1,1,1,0,1
cus2261,1,1,0,1,1
cus2262,1,0,1,0,1
cus2263,1,1,1,0,0
cus2264,0,0,1,1,0
cus2265,0,0,1,1,0
cus2266,1,1,1,0,1
cus2267,0,1,0,0,1
cus2268,0,0,1,0,0
cus2269,1,1,1,0,1
cus2270,0,0,1,1,0
cus2271,1,1,1,1,0
cus2272,1,1,0,0,0
cus2273,0,0,0,0,1
cus2274,0,0,0,0,0
cus2275,0,0,0,0,0
cus2276,1,1,1,1,1
cus2277,1,0,0,0,1
cus2278,1,1,0,0,0
cus2279,1,1,0,0,0
cus2280,1,0,0,0,0
cus2281,1,1,0,0,0
cus2282,0,0,0,0,0
cus2283,1,1,1,1,1
cus2284,1,0,1,0,1
cus2285,0,0,0,0,0
cus2286,1,1,0,1,0
cus2287,1,1,0,0,0
cus2288,1,1,0,0,0
cus2289,1,1,1,1,1
cus2290,0,0,1,1,0
cus2291,1,1,1,1,0
cus2292,1,1,1,0,0
cus2293,1,1,0,0,0
cus2294,1,1,0,0,0
cus2295,1,1,0,0,0
cus2296,1,1,0,0,0
cus2297,0,0,0,0,1
cus2298,1,1,1,0,1
cus2299,0,0,1,0,0
cus2300,1,1,1,1,0
cus2301,1,0,0,0,0
cus2302,0,0,1,1,1
cus2303,1,1,0,0,0
cus2304,0,0,1,0,0
cus2305,0,1,1,1,0
cus2306,0,1,0,0,0
cus2307,0,1,0,1,0
cus2308,0,0,0,0,0
cus2309,0,1,0,0,0
cus2310,1,1,0,0,0
cus2311,1,1,0,0,0
cus2312,0,0,0,1,0
cus2313,1,1,0,0,0
cus2314,1,1,1,1,0
cus2315,1,1,1,1,0
cus2316,1,1,0,0,0
cus2317,1,1,0,0,0
cus2318,0,0,1,0,0
cus2319,1,0,1,1,0
cus2320,0,0,1,1,0
cus2321,1,0,0,0,1
cus2322,0,0,1,1,1
cus2323,0,0,1,0,1
cus2324,0,0,1,0,1
cus2325,0,0,1,1,1
cus2326,1,0,1,1,1
cus2327,0,0,0,0,0
cus2328,1,1,0,0,0
cus2329,0,0,1,0,1
cus2330,1,1,1,1,0
cus2331,1,1,1,1,0
cus2332,0,0,0,0,1
cus2333,0,0,0,0,0
cus2334,1,1,0,0,1
cus2335,1,1,1,0,1
cus2336,1,1,0,0,1
cus2337,1,1,0,0,0
cus2338,1,1,0,0,0
cus2339,1,1,0,0,1
cus2340,1,1,0,0,1
cus2341,1,1,1,1,1
cus2342,0,0,0,0,0
cus2343,0,1,0,0,1
cus2344,1,1,0,0,1
cus2345,1,0,1,1,0
cus2346,1,1,0,1,1
cus2347,0,0,1,1,0
cus2348,0,0,0,0,1
cus2349,1,1,1,0,0
cus2350,1,1,1,1,1
cus2351,1,0,0,0,1
cus2352,1,0,0,0,0
cus2353,0,1,0,0,0
cus2354,0,0,1,1,1
cus2355,1,1,1,1,0
cus2356,1,1,0,0,0
cus2357,1,1,0,0,0
cus2358,0,0,0,0,0
cus2359,0,1,0,1,0
cus2360,0,0,1,1,1
cus2361,1,1,1,0,0
cus2362,1,1,1,1,1
cus2363,0,0,1,1,1
cus2364,1,1,1,0,1
cus2365,0,0,1,0,0
cus2366,1,1,0,1,1
cus2367,1,0,0,0,0
cus2368,1,1,0,1,1
cus2369,1,1,0,0,0
cus2370,1,0,0,0,0
cus2371,1,0,0,0,0
cus2372,1,1,1,0,0
cus2373,0,1,0,0,0
cus2374,1,1,1,1,0
cus2375,0,0,1,1,0
cus2376,0,0,1,1,0
cus2377,1,1,1,1,0
cus2378,1,1,1,1,1
cus2379,0,1,1,1,1
cus2380,1,1,0,0,1
cus2381,1,0,0,0,0
cus2382,0,0,1,1,1
cus2383,0,0,1,0,0
cus2384,0,0,0,0,0
cus2385,0,0,1,0,1
cus2386,0,1,1,1,1
cus2387,0,0,1,1,1
cus2388,1,0,1,1,1
cus2389,1,1,1,0,0
cus2390,0,0,1,1,0
cus2391,0,1,1,0,0
cus2392,0,0,0,0,0
cus2393,0,0,1,1,0
cus2394,1,0,1,1,0
cus2395,1,1,1,1,1
cus2396,0,0,0,0,1
cus2397,1,1,0,1,1
cus2398,0,0,1,0,0
cus2399,1,1,0,1,0
cus2400,1,0,1,0,1
cus2401,0,1,1,0,0
cus2402,0,0,0,0,0
cus2403,0,0,0,0,1
cus2404,0,1,0,1,1
cus2405,1,1,0,0,0
cus2406,1,1,0,0,1
cus2407,1,1,0,0,0
cus2408,1,1,0,0,1
cus2409,0,0,0,0,0
cus2410,1,1,0,0,1
cus2411,1,1,0,0,0
cus2412,1,0,1,1,0
cus2413,0,0,0,0,0
cus2414,1,1,0,0,1
cus2415,1,1,1,0,1
cus2416,0,0,0,1,0
cus2417,0,0,1,1,1
cus2418,1,1,0,0,0
cus2419,1,1,1,0,0
cus2420,1,1,0,0,0
cus2421,1,1,0,0,1
cus2422,0,0,1,1,1
cus2423,1,1,1,0,0
cus2424,1,1,0,0,0
cus2425,1,1,0,0,1
cus2426,0,0,0,0,0
cus2427,0,0,1,1,1
cus2428,1,0,0,1,0
cus2429,0,0,0,1,0
cus2430,0,1,1,1,1
cus2431,1,1,1,0,0
cus2432,1,1,1,1,1
cus2433,1,1,0,0,1
cus2434,0,0,0,0,0
cus2435,1,0,1,0,0
cus2436,0,1,0,0,1
cus2437,1,0,0,0,1
cus2438,0,0,0,0,0
cus2439,0,0,0,0,0
cus2440,1,0,1,1,0
cus2441,1,0,1,0,1
cus2442,1,0,0,0,1
cus2443,0,0,0,0,0
cus2444,1,1,0,1,1
cus2445,1,1,1,1,0
cus2446,1,1,1,1,1
cus2447,0,0,1,1,0
cus2448,0,0,0,0,0
cus2449,1,1,0,0,1
cus2450,1,1,1,1,0
cus2451,0,0,0,0,0
cus2452,0,0,0,0,0
cus2453,0,0,0,1,0
cus2454,1,1,1,1,1
cus2455,0,1,0,0,0
cus2456,1,1,0,0,1
cus2457,1,0,1,1,1
cus2458,0,0,1,1,1
cus2459,1,1,0,0,1
cus2460,0,0,0,1,0
cus2461,0,0,1,1,0
cus2462,1,1,0,1,0
cus2463,0,0,1,1,0
cus2464,1,1,1,1,0
cus2465,1,0,1,1,1
cus2466,0,0,1,0,1
cus2467,0,0,0,0,0
cus2468,1,1,0,0,1
cus2469,0,0,1,0,0
cus2470,0,0,0,1,1
cus2471,0,0,1,1,0
cus2472,1,0,0,1,0
cus2473,0,0,0,1,0
cus2474,1,0,1,1,0
cus2475,1,1,1,1,0
cus2476,0,1,0,0,0
cus2477,1,1,0,0,0
cus2478,1,0,1,0,1
cus2479,0,0,0,0,0
cus2480,1,1,1,1,1
cus2481,0,0,1,1,0
cus2482,1,1,1,0,0
cus2483,0,0,1,0,1
cus2484,1,1,0,0,1
cus2485,0,0,1,1,0
cus2486,0,0,0,0,0
cus2487,0,1,0,0,1
cus2488,0,0,1,1,1
cus2489,0,0,0,0,1
cus2490,1,1,0,0,1
cus2491,0,0,1,0,1
cus2492,1,1,1,1,1
cus2493,1,0,0,0,1
cus2494,1,1,1,1,0
cus2495,0,0,1,1,0
cus2496,1,1,1,1,1
cus2497,0,0,1,1,0
cus2498,1,1,1,1,0
cus2499,0,0,1,1,1
cus2500,0,0,0,0,0
cus2501,0,1,1,0,1
cus2502,0,0,0,0,0
cus2503,1,0,1,1,0
cus2504,1,1,0,0,0
cus2505,1,0,0,0,1
cus2506,0,1,1,1,1
cus2507,1,1,1,1,1
cus2508,0,0,0,0,1
cus2509,1,1,0,0,1
cus2510,1,1,0,0,0
cus2511,1,1,1,0,0
cus2512,1,1,0,0,0
cus2513,0,0,0,0,0
cus2514,0,0,1,1,1
cus2515,0,0,1,1,0
cus2516,1,1,0,0,1
cus2517,0,0,0,0,1
cus2518,1,1,0,0,0
cus2519,0,0,1,1,1
cus2520,1,1,1,1,0
cus2521,1,1,1,1,0
cus2522,1,1,0,0,0
cus2523,1,1,1,1,0
cus2524,0,1,1,1,0
cus2525,0,0,0,0,0
cus2526,1,1,0,0,0
cus2527,1,1,1,1,0
cus2528,1,1,0,0,0
cus2529,1,1,0,0,1
cus2530,1,1,1,0,0
cus2531,1,1,1,1,1
cus2532,1,1,1,1,0
cus2533,1,1,0,0,0
cus2534,1,0,0,0,1
cus2535,1,1,0,1,1
cus2536,0,0,0,0,1
cus2537,0,0,1,1,0
cus2538,0,0,1,0,0
cus2539,0,0,0,0,0
cus2540,0,0,0,0,1
cus2541,1,1,0,0,1
cus2542,0,0,0,0,0
cus2543,1,1,0,0,1
cus2544,1,1,0,0,1
cus2545,0,1,0,0,0
cus2546,0,0,0,0,0
cus2547,1,1,0,1,1
cus2548,1,1,0,0,0
cus2549,0,0,1,1,0
cus2550,1,1,0,1,1
cus2551,1,1,1,1,0
cus2552,0,0,0,0,0
cus2553,1,1,1,1,0
cus2554,1,1,0,0,1
cus2555,0,0,1,1,0
cus2556,1,1,0,0,0
cus2557,0,0,1,1,0
cus2558,0,1,0,0,0
cus2559,1,1,0,0,0
cus2560,0,0,1,0,0
cus2561,0,1,0,1,0
cus2562,0,0,1,1,0
cus2563,1,1,1,1,1
cus2564,1,0,0,0,0
cus2565,1,1,1,1,0
cus2566,1,0,1,1,1
cus2567,1,1,1,1,1
cus2568,0,0,1,1,1
cus2569,0,0,1,1,0
cus2570,1,0,0,1,0
cus2571,1,1,0,0,1
cus2572,1,0,0,0,1
cus2573,1,0,0,0,0
cus2574,0,0,1,1,0
cus2575,0,0,1,1,0
cus2576,1,1,0,0,1
cus2577,0,0,0,0,1
cus2578,1,1,1,0,0
cus2579,0,0,1,0,1
cus2580,1,1,0,0,1
cus2581,0,0,1,0,0
cus2582,0,0,0,0,0
cus2583,0,0,0,1,0
cus2584,1,1,0,1,0
cus2585,0,0,1,0,0
cus2586,1,1,0,0,0
cus2587,1,0,0,0,0
cus2588,0,0,1,1,1
cus2589,1,1,1,0,1
cus2590,1,1,1,0,1
cus2591,1,0,0,0,0
cus2592,0,0,0,0,0
cus2593,1,1,0,1,1
cus2594,1,1,0,0,1
cus2595,1,0,0,0,0
cus2596,0,1,1,1,0
cus2597,1,1,1,0,1
cus2598,0,0,1,1,1
cus2599,0,0,1,1,1
cus2600,0,0,0,0,1
cus2601,0,1,0,0,1
cus2602,0,0,0,1,1
cus2603,0,0,0,1,0
cus2604,0,0,0,0,0
cus2605,0,0,0,0,0
cus2606,1,1,1,1,1
cus2607,1,1,1,1,1
cus2608,0,0,1,1,0
cus2609,1,1,0,0,0
cus2610,0,0,0,0,0
cus2611,0,0,0,0,1
cus2612,0,0,1,0,1
cus2613,0,0,1,0,1
cus2614,0,0,0,0,0
cus2615,1,0,1,1,0
cus2616,0,0,0,0,0
cus2617,1,1,1,0,1
cus2618,1,1,0,0,0
cus2619,1,1,1,1,0
cus2620,0,0,1,1,0
cus2621,1,1,1,0,0
cus2622,0,0,0,0,1
cus2623,1,1,1,1,0
cus2624,1,1,0,0,1
cus2625,0,1,1,1,1
cus2626,1,1,0,0,1
cus2627,0,0,0,0,0
cus2628,0,0,1,0,1
cus2629,0,0,1,1,1
cus2630,0,0,0,0,0
cus2631,1,1,1,1,1
cus2632,1,1,1,0,1
cus2633,1,1,0,1,1
cus2634,1,1,1,1,0
cus2635,1,1,1,0,1
cus2636,0,0,1,1,0
cus2637,1,1,1,1,1
cus2638,0,0,0,0,0
cus2639,0,0,1,1,0
cus2640,0,0,0,0,1
cus2641,1,1,0,0,0
cus2642,0,0,0,1,0
cus2643,0,0,1,0,1
cus2644,1,1,0,0,1
cus2645,1,0,0,0,0
cus2646,1,1,0,1,1
cus2647,1,1,0,1,0
cus2648,0,0,0,0,0
cus2649,1,1,1,0,0
cus2650,0,0,1,1,0
cus2651,0,0,1,1,1
cus2652,1,1,1,1,1
cus2653,0,0,0,0,0
cus2654,0,1,0,0,0
cus2655,1,1,1,1,0
cus2656,1,1,0,0,0
cus2657,0,1,0,0,0
cus2658,0,0,1,1,1
cus2659,1,1,0,1,1
cus2660,1,0,0,0,1
cus2661,1,1,0,0,0
cus2662,0,0,0,0,0
cus2663,1,1,1,1,1
cus2664,1,1,1,0,0
cus2665,0,0,0,0,0
cus2666,1,1,1,1,0
cus2667,1,1,0,0,0
cus2668,0,0,1,1,1
cus2669,0,1,1,0,0
cus2670,1,1,1,1,1
cus2671,0,0,0,0,1
cus2672,0,1,0,0,1
cus2673,1,1,1,1,1
cus2674,0,0,0,0,0
cus2675,0,0,1,1,0
cus2676,0,0,0,0,0
cus2677,1,1,0,0,0
cus2678,1,1,1,1,1
cus2679,1,1,1,0,1
cus2680,1,1,1,1,1
cus2681,0,0,1,1,1
cus2682,1,1,0,1,0
cus2683,1,1,1,1,0
cus2684,1,1,0,0,0
cus2685,0,0,0,0,0
cus2686,0,0,0,0,0
cus2687,1,0,1,1,1
cus2688,0,0,0,0,0
cus2689,1,1,0,0,1
cus2690,0,0,0,0,1
cus2691,0,0,0,1,0
cus2692,0,1,1,0,1
cus2693,0,0,1,0,0
cus2694,0,0,0,0,0
cus2695,1,1,1,1,1
cus2696,1,1,0,0,0
cus2697,0,1,0,1,0
cus2698,0,0,0,0,0
cus2699,0,0,1,1,0
cus2700,1,0,1,1,0
cus2701,1,1,1,1,1
cus2702,0,0,0,0,0
cus2703,1,0,0,0,1
cus2704,1,1,0,0,1
cus2705,1,1,1,0,0
cus2706,0,0,1,1,1
cus2707,0,0,1,1,0
cus2708,1,1,0,0,1
cus2709,1,0,1,0,1
cus2710,0,0,0,0,1
cus2711,1,1,0,0,0
cus2712,1,1,0,1,0
cus2713,1,1,0,0,0
cus2714,1,1,1,0,0
cus2715,1,1,0,0,0
cus2716,0,0,1,0,0
cus2717,1,1,1,0,1
cus2718,1,0,1,1,1
cus2719,1,1,0,0,0
cus2720,1,1,1,1,0
cus2721,1,1,1,1,1
cus2722,1,1,0,0,0
cus2723,0,0,1,1,0
cus2724,0,1,1,1,1
cus2725,1,1,0,0,0
cus2726,1,1,1,0,0
cus2727,1,1,1,0,0
cus2728,0,0,1,1,0
cus2729,1,1,0,0,0
cus2730,0,0,0,0,0
cus2731,1,1,1,1,0
cus2732,0,0,1,1,1
cus2733,0,0,0,0,0
cus2734,0,0,1,0,0
cus2735,1,1,1,1,0
cus2736,0,0,0,0,0
cus2737,0,0,0,0,0
cus2738,1,1,0,0,0
cus2739,1,1,0,1,0
cus2740,1,0,1,1,1
cus2741,0,0,0,0,0
cus2742,1,1,1,0,0
cus2743,1,1,0,1,1
cus2744,1,1,0,0,1
cus2745,1,1,1,1,0
cus2746,0,0,0,1,1
cus2747,1,1,0,0,0
cus2748,1,0,0,1,0
cus2749,1,1,0,0,1
cus2750,1,0,0,0,1
cus2751,1,1,1,1,1
cus2752,0,0,0,1,0
cus2753,1,1,1,0,0
cus2754,1,1,0,0,1
cus2755,0,0,0,0,0
cus2756,0,0,0,0,0
cus2757,0,1,1,1,1
cus2758,1,1,1,0,0
cus2759,1,1,0,0,0
cus2760,0,0,0,0,0
cus2761,0,1,0,0,0
cus2762,1,1,1,1,1
cus2763,0,1,1,1,0
cus2764,1,1,1,0,1
cus2765,1,1,0,0,0
cus2766,1,1,1,1,1
cus2767,1,1,0,0,1
cus2768,0,0,0,0,0
cus2769,1,1,1,1,1
cus2770,1,1,1,1,1
cus2771,1,1,0,1,1
cus2772,0,1,0,0,0
cus2773,1,1,1,0,0
cus2774,0,0,1,1,0
cus2775,0,0,0,0,0
cus2776,1,1,1,0,0
cus2777,1,1,0,1,1
cus2778,0,0,1,1,0
cus2779,0,0,1,0,0
cus2780,0,0,1,0,1
cus2781,1,0,0,0,0
cus2782,1,0,1,0,1
cus2783,0,1,0,0,0
cus2784,0,0,0,0,0
cus2785,1,1,1,1,0
cus2786,1,1,1,0,0
cus2787,1,0,1,0,0
cus2788,1,1,0,0,0
cus2789,1,1,1,1,1
cus2790,0,1,1,1,0
cus2791,0,0,0,0,0
cus2792,0,1,1,1,1
cus2793,1,1,0,1,0
cus2794,0,0,0,0,0
cus2795,1,1,0,0,0
cus2796,1,1,1,1,1
cus2797,1,0,1,1,0
cus2798,1,1,1,1,1
cus2799,1,1,1,1,0
cus2800,1,0,1,1,0
cus2801,1,1,0,0,0
cus2802,0,0,0,0,0
cus2803,0,0,1,0,1
cus2804,1,0,1,0,1
cus2805,0,0,1,1,0
cus2806,1,1,1,1,1
cus2807,1,0,0,0,0
cus2808,0,0,1,1,1
cus2809,1,1,0,1,1
cus2810,1,1,1,0,1
cus2811,0,0,0,0,1
cus2812,0,0,0,0,0
cus2813,0,0,0,0,0
cus2814,0,0,1,0,1
cus2815,1,1,1,0,1
cus2816,0,0,1,1,0
cus2817,1,0,0,0,1
cus2818,1,1,1,1,1
cus2819,0,0,1,0,0
cus2820,0,0,0,0,0
cus2821,0,0,1,1,0
cus2822,1,1,1,0,1
cus2823,0,0,1,1,1
cus2824,1,1,1,0,1
cus2825,0,0,0,0,0
cus2826,0,0,1,0,1
cus2827,1,1,1,1,0
cus2828,1,1,1,0,0
cus2829,1,1,0,0,0
cus2830,0,0,1,1,1
cus2831,0,0,1,1,0
cus2832,0,0,0,0,1
cus2833,1,1,0,1,0
cus2834,1,1,0,1,1
cus2835,0,1,0,0,0
cus2836,0,0,0,1,1
cus2837,1,1,0,0,0
cus2838,1,1,0,0,0
cus2839,1,1,1,0,1
cus2840,1,1,0,0,0
cus2841,1,0,0,0,0
cus2842,0,0,0,0,1
cus2843,1,0,1,0,1
cus2844,1,1,1,1,1
cus2845,0,0,1,1,0
cus2846,1,1,1,1,1
cus2847,1,1,1,0,0
cus2848,0,0,1,1,1
cus2849,0,0,0,0,0
cus2850,1,1,0,0,0
cus2851,1,0,1,0,0
cus2852,0,0,0,1,1
cus2853,1,0,1,0,0
cus2854,1,0,1,0,1
cus2855,1,1,1,1,1
cus2856,1,1,1,0,0
cus2857,0,0,0,0,0
cus2858,0,1,0,0,1
cus2859,0,1,1,1,0
cus2860,0,0,1,1,0
cus2861,1,1,1,1,1
cus2862,0,1,1,1,1
cus2863,1,1,0,0,0
cus2864,0,1,1,0,1
cus2865,1,1,0,0,0
cus2866,0,0,1,1,1
cus2867,1,1,1,1,1
cus2868,0,0,0,0,0
cus2869,1,1,1,0,0
cus2870,1,1,1,1,1
cus2871,1,1,1,1,1
cus2872,1,0,1,0,0
cus2873,0,0,0,0,1
cus2874,1,0,0,0,0
cus2875,0,0,0,0,0
cus2876,0,0,0,0,1
cus2877,0,0,1,1,0
cus2878,0,0,0,0,0
cus2879,1,0,1,1,1
cus2880,1,0,1,0,1
cus2881,1,1,1,0,1
cus2882,1,1,0,0,0
cus2883,0,0,0,0,0
cus2884,0,0,0,0,1
cus2885,0,0,0,1,0
cus2886,0,0,1,1,1
cus2887,0,0,1,0,0
cus2888,1,1,1,0,1
cus2889,1,1,1,0,1
cus2890,1,0,1,1,0
cus2891,0,0,1,0,1
cus2892,1,1,1,0,0
cus2893,0,0,1,1,0
cus2894,1,1,0,0,1
cus2895,0,0,1,0,1
cus2896,1,0,0,0,1
cus2897,1,1,1,1,1
cus2898,1,1,0,0,1
cus2899,0,0,1,1,0
cus2900,1,0,1,1,1
cus2901,0,0,1,1,1
cus2902,1,0,1,0,0
cus2903,0,0,1,1,1
cus2904,1,1,1,0,1
cus2905,0,0,0,0,0
cus2906,1,1,1,0,1
cus2907,1,0,1,1,0
cus2908,1,1,1,0,1
cus2909,1,1,1,1,1
cus2910,1,1,0,0,0
cus2911,1,1,0,0,1
cus2912,1,1,0,0,1
cus2913,0,1,1,0,0
cus2914,1,0,0,0,0
cus2915,1,0,0,0,1
cus2916,1,0,0,1,1
cus2917,1,1,1,1,0
cus2918,1,0,1,1,1
cus2919,0,0,0,0,0
cus2920,0,0,0,0,0
cus2921,1,1,1,1,0
cus2922,0,0,0,0,0
cus2923,1,0,0,0,0
cus2924,0,0,1,0,0
cus2925,0,0,1,0,0
cus2926,1,1,1,0,1
cus2927,0,0,1,0,0
cus2928,1,1,1,0,0
cus2929,1,0,0,0,0
cus2930,1,0,0,0,0
cus2931,1,1,1,0,1
cus2932,0,0,0,0,0
cus2933,0,0,1,1,1
cus2934,1,1,0,0,1
cus2935,1,0,1,0,1
cus2936,1,1,0,0,0
cus2937,1,1,0,1,0
cus2938,1,1,0,0,1
cus2939,0,0,0,0,1
cus2940,1,1,1,1,0
cus2941,0,1,0,0,0
cus2942,1,1,1,1,1
cus2943,1,1,0,0,0
cus2944,1,0,0,1,1
cus2945,0,1,1,1,0
cus2946,0,0,0,0,0
cus2947,0,1,1,0,0
cus2948,1,1,0,0,1
cus2949,0,0,0,0,1
cus2950,1,1,0,1,0
cus2951,1,1,0,0,0
cus2952,0,0,0,0,1
cus2953,0,0,1,1,0
cus2954,1,1,0,1,1
cus2955,0,0,1,1,0
cus2956,0,0,1,1,0
cus2957,0,0,0,0,0
cus2958,0,0,0,1,0
cus2959,1,1,0,0,1
cus2960,0,0,1,1,0
cus2961,0,0,0,1,1
cus2962,0,0,0,0,0
cus2963,1,1,0,0,0
cus2964,1,1,1,1,1
cus2965,1,1,1,1,1
cus2966,1,1,0,0,0
cus2967,1,1,0,0,0
cus2968,1,1,0,1,1
cus2969,1,1,1,1,0
cus2970,0,0,0,0,0
cus2971,0,0,0,1,0
cus2972,0,0,0,0,0
cus2973,1,1,1,0,0
cus2974,1,1,1,1,1
cus2975,1,1,1,0,0
cus2976,0,1,0,0,1
cus2977,0,0,0,0,0
cus2978,0,0,1,0,0
cus2979,0,0,1,0,1
cus2980,1,1,1,1,1
cus2981,1,1,1,1,0
cus2982,0,0,0,1,1
cus2983,1,1,0,0,1
cus2984,1,0,1,0,1
cus2985,0,0,0,0,0
cus2986,1,0,1,1,1
cus2987,1,1,0,0,1
cus2988,0,0,0,0,0
cus2989,1,1,1,1,1
cus2990,0,1,1,1,1
cus2991,0,1,0,0,0
cus2992,0,0,0,0,0
cus2993,1,0,0,1,1
cus2994,0,0,1,1,0
cus2995,0,0,1,1,1
cus2996,0,0,1,0,0
cus2997,1,1,0,0,0
cus2998,1,0,0,0,0
cus2999,0,0,1,1,0
cus3000,0,0,1,0,1
cus3001,1,1,0,1,1
cus3002,1,1,0,0,1
cus3003,1,1,0,0,0
cus3004,0,0,0,1,0
cus3005,1,0,1,0,1
cus3006,0,0,0,0,0
cus3007,0,0,1,0,0
cus3008,0,0,1,0,0
cus3009,1,1,1,1,0
cus3010,0,1,1,1,0
cus3011,0,0,1,0,0
cus3012,0,1,0,0,0
cus3013,1,1,1,1,1
cus3014,0,1,0,1,0
cus3015,0,0,0,1,0
cus3016,1,1,1,1,1
cus3017,0,0,1,1,1
cus3018,1,0,1,1,1
cus3019,1,1,1,1,0
cus3020,1,1,0,0,1
cus3021,1,1,1,1,0
cus3022,0,1,1,1,1
cus3023,0,0,0,1,1
cus3024,0,0,0,1,0
cus3025,0,1,0,0,1
cus3026,1,1,1,0,1
cus3027,1,0,0,1,0
cus3028,1,1,1,1,0
cus3029,0,0,0,0,0
cus3030,0,0,0,0,1
cus3031,0,0,0,0,0
cus3032,0,0,0,0,0
cus3033,1,1,1,1,1
cus3034,1,1,1,1,0
cus3035,1,1,0,0,0
cus3036,0,0,1,1,1
cus3037,1,1,0,0,1
cus3038,0,0,0,0,0
cus3039,0,1,1,1,1
cus3040,1,0,0,0,0
cus3041,0,0,1,1,0
cus3042,1,0,0,1,1
cus3043,0,0,0,1,0
cus3044,1,0,1,1,1
cus3045,0,0,0,0,1
cus3046,1,1,1,0,0
cus3047,1,1,0,0,1
cus3048,1,1,0,0,1
cus3049,0,0,1,0,1
cus3050,1,0,1,0,1
cus3051,1,1,1,0,0
cus3052,0,0,1,0,0
cus3053,0,0,0,0,0
cus3054,1,1,0,0,1
cus3055,1,1,1,0,1
cus3056,1,1,0,0,0
cus3057,0,0,0,0,0
cus3058,0,0,0,0,0
cus3059,1,0,0,0,1
cus3060,0,0,1,1,1
cus3061,0,0,1,1,0
cus3062,1,1,0,0,1
cus3063,0,0,1,1,1
cus3064,0,1,1,0,0
cus3065,0,0,1,0,1
cus3066,0,0,1,0,0
cus3067,1,0,0,0,0
cus3068,0,1,1,1,1
cus3069,0,0,1,1,0
cus3070,0,0,0,0,0
cus3071,1,1,0,0,1
cus3072,0,0,0,0,0
cus3073,0,1,1,1,0
cus3074,1,0,1,1,1
cus3075,1,1,0,0,1
cus3076,0,0,0,0,1
cus3077,0,0,1,0,0
cus3078,0,0,1,1,0
cus3079,1,0,1,0,0
cus3080,1,1,0,0,0
cus3081,0,0,0,1,0
cus3082,1,1,1,1,1
cus3083,0,0,0,0,0
cus3084,0,0,1,1,1
cus3085,1,1,1,0,0
cus3086,0,0,1,0,1
cus3087,0,0,0,0,0
cus3088,1,0,1,0,1
cus3089,0,0,0,0,0
cus3090,1,1,1,1,1
cus3091,0,0,0,0,1
cus3092,1,0,1,0,1
cus3093,1,0,1,1,0
cus3094,0,0,0,0,0
cus3095,1,0,0,1,0
cus3096,1,1,0,0,1
cus3097,0,0,0,0,0
cus3098,0,0,1,1,0
cus3099,1,1,0,0,1
cus3100,0,0,1,1,0
cus3101,0,0,1,0,0
cus3102,0,0,1,1,1
cus3103,1,0,0,0,0
cus3104,1,1,1,1,0
cus3105,1,0,1,0,1
cus3106,1,0,0,0,0
cus3107,1,1,0,1,1
cus3108,0,0,0,0,0
cus3109,1,1,1,0,0
cus3110,0,0,1,1,0
cus3111,1,1,1,1,1
cus3112,0,0,0,0,0
cus3113,1,1,0,0,1
cus3114,1,1,1,1,1
cus3115,0,0,0,1,1
cus3116,0,0,0,0,0
cus3117,0,0,1,1,1
cus3118,1,1,1,1,1
cus3119,0,0,0,0,1
cus3120,1,1,0,0,1
cus3121,1,0,0,0,1
cus3122,1,0,0,0,0
cus3123,0,0,1,1,0
cus3124,1,1,0,0,0
cus3125,1,0,0,0,0
cus3126,1,1,0,0,1
cus3127,1,1,0,0,0
cus3128,1,1,1,0,0
cus3129,1,1,0,0,1
cus3130,0,0,0,1,1
cus3131,1,1,0,0,0
cus3132,1,1,0,0,1
cus3133,1,1,1,1,0
cus3134,0,0,1,1,1
cus3135,0,0,1,0,0
cus3136,0,0,0,0,0
cus3137,0,1,1,0,0
cus3138,0,0,1,1,0
cus3139,1,1,0,1,1
cus3140,1,0,0,0,0
cus3141,1,1,1,1,1
cus3142,1,1,1,1,1
cus3143,1,0,1,0,1
cus3144,0,1,0,0,0
cus3145,1,1,0,1,0
cus3146,1,1,0,0,1
cus3147,0,0,0,0,0
cus3148,1,1,0,0,0
cus3149,1,1,0,0,0
cus3150,0,0,1,1,1
cus3151,1,0,1,1,0
cus3152,0,0,1,1,1
cus3153,1,1,0,1,1
cus3154,1,1,0,0,1
cus3155,1,1,1,0,0
cus3156,0,0,0,1,0
cus3157,1,1,1,1,0
cus3158,1,1,1,1,0
cus3159,0,0,1,0,1
cus3160,1,1,0,1,1
cus3161,1,1,0,0,0
cus3162,1,1,0,0,1
cus3163,1,1,0,0,1
cus3164,0,0,0,1,1
cus3165,1,0,0,0,1
cus3166,1,1,0,0,1
cus3167,0,0,1,1,0
cus3168,0,0,1,0,0
cus3169,0,0,1,1,1
cus3170,0,0,0,1,0
cus3171,1,1,1,0,1
cus3172,1,0,1,1,1
cus3173,1,0,0,0,0
cus3174,1,0,0,0,1
cus3175,1,1,0,0,0
cus3176,0,0,1,1,1
cus3177,1,1,1,1,0
cus3178,1,1,1,1,0
cus3179,1,1,0,0,1
cus3180,1,1,0,1,1
cus3181,1,1,1,1,1
cus3182,1,0,1,1,1
cus3183,0,0,0,1,0
cus3184,1,1,0,0,0
cus3185,0,0,1,1,1
cus3186,0,0,0,0,0
cus3187,1,1,0,1,0
cus3188,1,1,1,1,0
cus3189,1,1,0,1,1
cus3190,1,1,0,0,0
cus3191,0,1,1,1,1
cus3192,0,0,1,1,1
cus3193,0,0,0,0,0
cus3194,1,1,1,1,0
cus3195,0,1,0,0,0
cus3196,0,0,0,1,1
cus3197,0,0,0,0,0
cus3198,1,0,1,0,1
cus3199,0,0,0,0,0
cus3200,1,1,0,0,0
cus3201,1,1,1,1,0
cus3202,1,1,1,1,1
cus3203,1,1,1,0,1
cus3204,1,0,0,0,0
cus3205,1,1,1,1,0
cus3206,1,1,0,0,0
cus3207,1,1,0,0,0
cus3208,1,1,0,0,1
cus3209,1,0,1,0,1
cus3210,0,0,1,1,0
cus3211,0,0,0,0,0
cus3212,0,0,0,0,1
cus3213,1,1,1,1,1
cus3214,0,1,1,1,1
cus3215,1,1,0,0,0
cus3216,1,1,1,0,1
cus3217,0,0,1,0,0
cus3218,0,0,0,0,0
cus3219,1,1,0,0,0
cus3220,0,0,1,1,0
cus3221,0,1,0,1,0
cus3222,1,1,0,1,1
cus3223,1,1,1,0,0
cus3224,0,0,1,1,1
cus3225,0,0,1,1,0
cus3226,1,0,1,0,1
cus3227,0,0,0,1,1
cus3228,1,1,0,0,1
cus3229,1,1,0,0,0
cus3230,1,0,0,0,0
cus3231,0,0,0,0,0
cus3232,1,1,1,1,1
cus3233,1,1,0,0,0
cus3234,0,0,0,0,0
cus3235,1,1,0,0,0
cus3236,1,1,1,1,1
cus3237,0,0,1,1,1
cus3238,0,0,0,0,0
cus3239,0,1,0,0,0
cus3240,1,1,1,1,0
cus3241,0,0,1,0,0
cus3242,1,0,1,0,1
cus3243,0,1,1,1,1
cus3244,0,1,0,0,0
cus3245,0,0,1,1,1
cus3246,0,1,0,1,0
cus3247,1,1,0,0,0
cus3248,0,1,0,0,0
cus3249,1,1,1,1,1
cus3250,1,1,0,0,1
cus3251,1,1,1,1,1
cus3252,0,0,1,1,0
cus3253,1,0,0,0,1
cus3254,0,0,0,0,0
cus3255,1,1,0,0,0
cus3256,1,1,0,1,0
cus3257,1,0,0,0,1
cus3258,0,0,0,1,1
cus3259,1,1,0,0,1
cus3260,1,1,0,0,0
cus3261,1,1,1,1,0
cus3262,0,0,1,1,0
cus3263,0,0,1,1,1
cus3264,1,1,0,0,0
cus3265,0,0,0,0,0
cus3266,1,1,1,0,0
cus3267,1,1,0,0,0
cus3268,0,0,1,1,1
cus3269,1,1,0,0,1
cus3270,1,1,1,1,1
cus3271,1,0,1,0,1
cus3272,0,1,0,0,0
cus3273,1,1,0,0,1
cus3274,1,1,1,1,1
cus3275,0,0,1,1,1
cus3276,1,1,1,1,0
cus3277,1,1,0,0,0
cus3278,1,1,0,0,1
cus3279,1,1,0,1,0
cus3280,1,1,0,1,0
cus3281,0,0,1,1,0
cus3282,0,0,1,1,0
cus3283,1,1,0,0,0
cus3284,1,0,0,0,1
cus3285,0,0,1,0,0
cus3286,0,0,0,0,0
cus3287,1,1,0,0,1
cus3288,0,0,0,0,0
cus3289,1,1,1,0,1
cus3290,0,0,0,0,0
cus3291,0,0,1,0,1
cus3292,0,0,0,0,0
cus3293,1,0,1,0,1
cus3294,1,1,1,0,1
cus3295,1,1,1,1,0
cus3296,1,1,1,1,1
cus3297,1,0,1,1,1
cus3298,0,0,0,0,0
cus3299,1,1,1,1,1
cus3300,1,1,1,1,0
cus3301,1,1,0,0,1
cus3302,1,1,1,1,1
cus3303,0,0,0,0,0
cus3304,1,1,0,0,1
cus3305,1,0,0,0,0
cus3306,0,0,0,1,0
cus3307,0,0,1,1,0
cus3308,0,0,1,1,0
cus3309,1,1,0,0,0
cus3310,1,0,1,1,1
cus3311,1,1,1,0,0
cus3312,1,1,0,0,0
cus3313,1,0,0,0,0
cus3314,0,0,0,0,1
cus3315,1,1,0,0,1
cus3316,0,0,0,1,0
cus3317,0,0,0,0,0
cus3318,0,0,1,1,1
cus3319,1,0,0,0,0
cus3320,1,1,0,0,0
cus3321,1,1,0,0,1
cus3322,0,0,0,0,0
cus3323,1,1,1,1,0
cus3324,1,1,1,1,0
cus3325,0,0,1,0,0
cus3326,0,0,0,0,1
cus3327,1,1,1,1,1
cus3328,1,0,1,1,0
cus3329,0,0,0,0,0
cus3330,0,0,1,1,1
cus3331,1,1,1,0,0
cus3332,1,1,1,1,1
cus3333,0,1,0,0,1
cus3334,1,1,0,0,1
cus3335,0,0,0,0,0
cus3336,1,1,1,1,1
cus3337,0,0,1,0,1
cus3338,1,1,0,0,0
cus3339,0,0,0,1,0
cus3340,0,0,1,0,1
cus3341,0,1,1,1,0
cus3342,1,0,0,0,0
cus3343,0,0,1,0,0
cus3344,0,0,1,1,0
cus3345,1,1,0,0,0
cus3346,0,1,1,0,0
cus3347,0,1,1,1,0
cus3348,0,0,0,0,0
cus3349,1,0,0,0,1
cus3350,1,0,1,0,1
cus3351,0,0,1,1,0
cus3352,0,0,0,0,0
cus3353,1,0,1,1,0
cus3354,1,1,1,0,0
cus3355,0,0,0,0,0
cus3356,1,1,0,0,1
cus3357,1,1,1,1,1
cus3358,0,0,0,0,0
cus3359,0,1,0,0,0
cus3360,1,1,1,1,0
cus3361,1,1,0,0,0
cus3362,0,0,0,0,1
cus3363,0,0,0,0,0
cus3364,1,1,1,1,0
cus3365,1,1,1,1,1
cus3366,1,1,1,1,1
cus3367,0,1,0,0,0
cus3368,1,1,0,1,0
cus3369,0,0,0,0,0
cus3370,0,0,0,0,0
cus3371,0,1,0,0,0
cus3372,0,0,1,0,1
cus3373,1,1,1,1,1
cus3374,0,0,1,1,0
cus3375,0,0,1,0,0
cus3376,0,1,1,1,1
cus3377,1,0,0,0,0
cus3378,1,0,0,0,1
cus3379,0,0,1,0,0
cus3380,0,1,1,0,0
cus3381,1,1,1,1,0
cus3382,0,0,1,0,1
cus3383,0,0,0,1,1
cus3384,1,1,1,0,0
cus3385,0,0,0,0,0
cus3386,0,0,1,1,0
cus3387,0,0,1,1,1
cus3388,1,1,1,0,1
cus3389,0,1,1,1,1
cus3390,1,0,0,1,1
cus3391,0,1,0,0,0
cus3392,1,1,1,0,0
cus3393,0,0,0,0,0
cus3394,0,0,1,0,0
cus3395,1,0,0,0,1
cus3396,0,0,0,1,0
cus3397,0,0,0,0,1
cus3398,1,1,1,0,0
cus3399,1,1,0,1,1
cus3400,1,1,0,0,1
cus3401,0,0,0,0,0
cus3402,0,0,1,0,0
cus3403,0,0,0,1,1
cus3404,0,0,1,0,0
cus3405,1,1,1,1,0
cus3406,1,0,0,0,1
cus3407,1,1,1,0,1
cus3408,0,1,1,0,0
cus3409,1,1,1,0,1
cus3410,0,0,0,0,1
cus3411,0,1,1,1,0
cus3412,1,1,0,0,1
cus3413,1,1,0,1,0
cus3414,0,0,0,0,0
cus3415,1,1,0,0,0
cus3416,1,1,1,0,0
cus3417,1,1,1,0,0
cus3418,0,0,1,1,0
cus3419,1,1,0,0,0
cus3420,0,0,1,1,1
cus3421,0,0,0,0,1
cus3422,0,0,0,0,0
cus3423,0,0,1,0,0
cus3424,1,1,1,1,1
cus3425,1,1,1,0,1
cus3426,0,1,1,1,0
cus3427,0,0,0,0,0
cus3428,0,0,0,0,0
cus3429,0,0,0,0,0
cus3430,0,0,1,1,1
cus3431,1,1,0,0,0
cus3432,1,0,0,0,1
cus3433,1,1,0,0,0
cus3434,0,0,0,0,1
cus3435,1,1,1,1,1
cus3436,0,0,1,0,0
cus3437,0,0,1,1,1
cus3438,1,1,0,1,1
cus3439,1,1,1,1,1
cus3440,1,1,0,1,0
cus3441,0,0,1,1,1
cus3442,1,1,1,0,0
cus3443,0,1,0,1,0
cus3444,1,1,0,0,1
cus3445,1,1,0,0,0
cus3446,1,1,0,0,1
cus3447,0,0,0,0,0
cus3448,0,0,1,0,0
cus3449,1,1,1,1,1
cus3450,0,1,0,0,0
cus3451,1,1,1,1,0
cus3452,0,1,0,0,0
cus3453,0,0,0,0,0
cus3454,1,1,0,0,0
cus3455,1,0,0,0,1
cus3456,1,1,0,1,1
cus3457,1,1,1,0,1
cus3458,1,1,1,0,1
cus3459,1,0,1,0,0
cus3460,0,0,0,0,0
cus3461,1,1,1,1,0
cus3462,1,1,0,1,1
cus3463,0,0,0,0,0
cus3464,0,0,0,0,0
cus3465,1,1,0,1,0
cus3466,0,0,1,0,1
cus3467,0,0,1,0,1
cus3468,0,1,1,1,1
cus3469,0,0,0,0,0
cus3470,0,0,0,0,1
cus3471,0,0,0,1,1
cus3472,1,1,1,0,0
cus3473,0,0,0,1,0
cus3474,0,0,0,0,1
cus3475,1,1,1,0,1
cus3476,0,0,1,0,1
cus3477,0,0,1,1,1
cus3478,0,0,1,0,1
cus3479,0,0,0,0,0
cus3480,0,0,0,1,0
cus3481,0,0,1,0,0
cus3482,0,0,1,1,0
cus3483,1,1,1,1,1
cus3484,0,0,1,1,0
cus3485,0,0,1,0,1
cus3486,1,1,1,0,1
cus3487,0,0,0,1,1
cus3488,1,1,0,0,0
cus3489,1,1,0,1,1
cus3490,1,1,0,0,0
cus3491,0,0,0,1,0
cus3492,1,0,1,1,1
cus3493,1,1,0,1,0
cus3494,0,0,1,0,1
cus3495,0,0,1,1,1
cus3496,1,1,0,0,1
cus3497,0,0,0,1,0
cus3498,1,1,0,0,0
cus3499,0,1,0,1,1
cus3500,1,1,0,0,0
cus3501,1,1,0,1,0
cus3502,0,0,0,1,0
cus3503,1,1,1,1,0
cus3504,0,0,0,0,0
cus3505,0,0,1,0,1
cus3506,0,0,0,0,0
cus3507,0,0,1,0,0
cus3508,0,1,0,0,0
cus3509,1,0,0,0,0
cus3510,0,0,1,0,0
cus3511,1,1,1,0,0
cus3512,1,1,1,0,0
cus3513,0,0,0,1,0
cus3514,0,0,0,0,0
cus3515,0,0,0,1,0
cus3516,0,1,1,1,0
cus3517,1,1,1,0,1
cus3518,1,1,0,0,0
cus3519,1,0,1,1,0
cus3520,0,0,1,0,0
cus3521,1,1,1,1,1
cus3522,1,1,1,1,1
cus3523,1,1,0,0,0
cus3524,1,1,0,0,1
cus3525,1,1,0,0,0
cus3526,1,1,0,0,0
cus3527,0,0,1,1,0
cus3528,1,1,1,1,0
cus3529,1,1,1,1,0
cus3530,0,1,0,0,0
cus3531,1,1,0,0,1
cus3532,0,1,0,1,0
cus3533,1,1,0,0,0
cus3534,1,1,0,0,0
cus3535,1,1,0,1,0
cus3536,0,0,1,1,1
cus3537,1,0,0,1,0
cus3538,0,0,0,0,0
cus3539,1,1,0,0,1
cus3540,0,1,0,0,0
cus3541,0,1,1,0,0
cus3542,0,0,1,0,1
cus3543,1,1,0,0,1
cus3544,1,1,1,1,0
cus3545,0,0,1,0,0
cus3546,0,0,1,1,0
cus3547,1,1,1,1,0
cus3548,1,1,1,1,1
cus3549,1,1,0,0,1
cus3550,1,0,1,1,1
cus3551,0,0,0,0,1
cus3552,1,1,0,1,1
cus3553,0,0,1,1,1
cus3554,1,1,0,0,0
cus3555,0,0,1,1,0
cus3556,0,0,1,1,0
cus3557,1,1,1,1,1
cus3558,1,1,0,0,1
cus3559,0,0,1,0,0
cus3560,1,1,0,0,0
cus3561,0,0,1,1,0
cus3562,1,1,0,0,1
cus3563,0,0,1,1,0
cus3564,1,1,0,0,1
cus3565,0,0,0,0,1
cus3566,0,0,1,1,0
cus3567,1,1,1,1,1
cus3568,1,1,1,0,0
cus3569,0,1,0,0,0
cus3570,1,1,1,1,0
cus3571,0,0,0,0,1
cus3572,0,0,0,0,0
cus3573,0,0,1,1,0
cus3574,1,1,1,1,1
cus3575,1,0,0,0,0
cus3576,0,0,1,1,0
cus3577,1,0,1,0,1
cus3578,1,1,0,0,0
cus3579,1,1,0,0,1
cus3580,0,1,0,0,0
cus3581,1,1,0,1,0
cus3582,0,0,1,1,0
cus3583,1,1,0,0,1
cus3584,1,1,0,0,0
cus3585,1,0,0,0,1
cus3586,0,0,1,1,0
cus3587,0,0,0,1,0
cus3588,0,0,1,0,0
cus3589,0,0,0,0,0
cus3590,1,1,0,0,1
cus3591,0,0,1,1,0
cus3592,0,0,0,1,0
cus3593,1,1,1,1,1
cus3594,0,0,1,1,1
cus3595,1,1,1,0,1
cus3596,1,1,1,1,0
cus3597,1,1,0,1,0
cus3598,1,1,0,0,1
cus3599,1,0,1,1,0
cus3600,0,0,0,0,0
cus3601,0,0,1,0,0
cus3602,1,1,0,0,1
cus3603,0,0,0,0,1
cus3604,0,0,0,0,1
cus3605,1,1,0,0,0
cus3606,0,0,0,0,0
cus3607,1,1,0,0,0
cus3608,0,0,0,0,0
cus3609,1,0,1,1,0
cus3610,0,0,1,1,0
cus3611,1,0,0,0,1
cus3612,0,0,1,1,0
cus3613,1,0,0,0,0
cus3614,0,0,0,0,0
cus3615,0,0,0,0,1
cus3616,0,0,1,1,0
cus3617,1,1,0,0,0
cus3618,1,1,1,1,1
cus3619,0,0,1,1,0
cus3620,1,1,0,0,1
cus3621,1,1,1,1,1
cus3622,0,1,1,1,1
cus3623,1,1,1,1,1
cus3624,1,1,0,0,0
cus3625,0,0,0,0,0
cus3626,1,1,0,0,0
cus3627,1,1,1,1,1
cus3628,0,0,0,0,0
cus3629,1,1,0,0,1
cus3630,1,1,1,1,0
cus3631,0,0,1,1,1
cus3632,1,1,1,1,0
cus3633,0,0,0,0,0
cus3634,1,0,0,0,1
cus3635,0,0,1,1,0
cus3636,0,0,1,0,1
cus3637,0,1,1,1,1
cus3638,1,1,0,1,0
cus3639,1,1,1,1,0
cus3640,0,0,0,0,0
cus3641,0,0,0,0,1
cus3642,1,1,0,0,0
cus3643,1,1,1,1,0
cus3644,1,1,1,1,0
cus3645,1,1,0,0,1
cus3646,1,1,0,0,1
cus3647,1,1,0,0,1
cus3648,0,0,1,1,1
cus3649,0,0,1,1,1
cus3650,0,1,0,1,1
cus3651,1,1,0,0,0
cus3652,1,1,1,0,1
cus3653,1,1,1,0,1
cus3654,0,0,0,1,0
cus3655,1,1,0,0,0
cus3656,0,1,1,1,0
cus3657,0,0,1,1,0
cus3658,0,1,0,0,1
cus3659,0,0,1,1,0
cus3660,0,1,0,1,0
cus3661,0,0,1,0,0
cus3662,0,0,0,0,1
cus3663,1,0,1,1,0
cus3664,0,1,0,0,1
cus3665,1,1,0,0,1
cus3666,1,1,1,1,0
cus3667,0,0,1,1,1
cus3668,0,0,1,1,0
cus3669,0,0,0,0,0
cus3670,0,0,0,0,1
cus3671,1,0,0,0,1
cus3672,0,1,0,1,1
cus3673,1,1,1,1,1
cus3674,1,0,1,1,0
cus3675,0,0,0,0,1
cus3676,0,0,0,0,0
cus3677,1,1,0,0,1
cus3678,0,0,1,0,0
cus3679,1,0,1,1,1
cus3680,0,0,1,0,1
cus3681,0,0,0,0,1
cus3682,1,0,0,0,0
cus3683,1,0,0,0,0
cus3684,0,0,0,0,0
cus3685,0,1,0,0,1
cus3686,1,1,1,1,1
cus3687,0,0,1,0,0
cus3688,1,1,0,0,0
cus3689,1,1,0,0,0
cus3690,1,1,1,1,1
cus3691,1,1,0,1,0
cus3692,1,1,0,0,0
cus3693,1,0,0,1,1
cus3694,0,0,1,1,1
cus3695,1,0,1,1,0
cus3696,0,0,1,1,0
cus3697,1,0,0,0,0
cus3698,1,1,1,0,1
cus3699,0,1,0,0,0
cus3700,0,0,1,1,1
cus3701,0,0,0,0,0
cus3702,0,0,0,1,0
cus3703,1,1,0,0,0
cus3704,1,1,1,1,1
cus3705,1,1,1,0,1
cus3706,0,0,1,1,0
cus3707,1,1,1,1,0
cus3708,1,1,0,0,0
cus3709,0,0,1,1,1
cus3710,0,0,1,0,1
cus3711,0,0,0,0,0
cus3712,0,1,0,0,0
cus3713,0,0,1,1,1
cus3714,0,0,0,0,0
cus3715,1,1,1,0,1
cus3716,0,0,1,1,1
cus3717,1,1,1,0,0
cus3718,1,1,0,0,1
cus3719,1,1,1,0,0
cus3720,0,1,1,0,1
cus3721,1,1,1,1,1
cus3722,0,0,1,0,0
cus3723,0,0,0,0,0
cus3724,0,0,0,0,1
cus3725,0,0,1,1,0
cus3726,0,1,1,0,0
cus3727,0,0,0,0,1
cus3728,0,0,1,0,0
cus3729,0,0,1,1,0
cus3730,1,1,0,1,0
cus3731,1,1,0,0,0
cus3732,0,0,0,0,0
cus3733,1,0,1,1,1
cus3734,1,1,0,0,0
cus3735,1,0,1,0,1
cus3736,1,0,0,0,0
cus3737,1,1,0,1,1
cus3738,1,1,1,1,1
cus3739,0,0,0,0,0
cus3740,1,0,1,1,0
cus3741,1,0,1,0,1
cus3742,1,1,0,0,0
cus3743,0,0,0,0,1
cus3744,0,0,1,1,0
cus3745,0,0,0,0,1
cus3746,1,1,1,1,1
cus3747,0,0,0,0,0
cus3748,0,0,1,0,1
cus3749,1,1,0,0,1
cus3750,0,1,1,1,0
cus3751,1,1,1,1,0
cus3752,1,1,1,1,0
cus3753,1,1,1,1,0
cus3754,0,0,1,0,0
cus3755,0,0,0,0,0
cus3756,0,0,0,0,0
cus3757,1,1,1,0,0
cus3758,0,1,0,0,0
cus3759,0,0,0,0,1
cus3760,0,0,0,0,0
cus3761,1,0,1,1,1
cus3762,0,0,1,1,0
cus3763,0,0,1,1,0
cus3764,1,1,1,1,1
cus3765,0,0,1,0,0
cus3766,0,0,0,0,0
cus3767,0,0,1,0,0
cus3768,0,1,1,0,1
cus3769,0,0,0,0,0
cus3770,0,0,0,0,0
cus3771,0,1,1,1,1
cus3772,0,0,0,0,0
cus3773,1,1,1,1,0
cus3774,1,1,0,1,0
cus3775,1,1,0,1,0
cus3776,0,1,0,0,1
cus3777,1,1,0,0,0
cus3778,0,0,0,0,1
cus3779,1,1,1,1,1
cus3780,0,0,0,1,0
cus3781,1,1,0,0,1
cus3782,1,0,0,0,1
cus3783,1,1,0,0,0
cus3784,1,1,0,0,0
cus3785,1,1,0,1,1
cus3786,1,1,1,1,0
cus3787,1,0,1,0,1
cus3788,0,0,0,1,0
cus3789,0,1,1,0,0
cus3790,0,1,0,0,0
cus3791,0,1,0,0,1
cus3792,0,0,0,0,0
cus3793,0,1,0,1,0
cus3794,1,1,1,1,1
cus3795,1,1,0,0,1
cus3796,0,0,0,0,1
cus3797,0,0,1,1,0
cus3798,0,0,1,1,1
cus3799,1,1,0,0,0
cus3800,1,1,1,1,0
cus3801,1,1,1,1,0
cus3802,1,1,0,1,1
cus3803,0,0,1,1,1
cus3804,1,1,1,1,1
cus3805,1,0,0,0,1
cus3806,0,0,0,1,1
cus3807,0,0,0,0,0
cus3808,1,1,0,0,1
cus3809,0,0,1,1,0
cus3810,1,1,1,1,1
cus3811,1,1,0,0,0
cus3812,0,0,1,1,0
cus3813,0,0,0,0,1
cus3814,1,1,1,1,1
cus3815,1,1,1,1,1
cus3816,0,0,1,1,0
cus3817,1,0,1,0,0
cus3818,0,1,0,0,0
cus3819,1,0,1,1,0
cus3820,1,1,0,1,0
cus3821,0,0,0,0,0
cus3822,1,1,1,0,0
cus3823,1,1,0,0,1
cus3824,1,1,1,1,0
cus3825,1,1,1,0,0
cus3826,0,0,1,0,1
cus3827,1,1,1,1,1
cus3828,0,0,1,0,0
cus3829,0,0,0,0,1
cus3830,1,1,0,1,0
cus3831,1,1,1,1,0
cus3832,1,1,1,1,1
cus3833,0,0,0,1,0
cus3834,0,1,1,1,0
cus3835,0,0,1,1,1
cus3836,1,1,1,0,1
cus3837,0,0,0,0,0
cus3838,0,0,0,1,0
cus3839,0,0,0,0,0
cus3840,0,0,1,1,1
cus3841,1,1,0,1,0
cus3842,0,0,0,0,0
cus3843,1,1,0,0,0
cus3844,1,0,1,1,1
cus3845,1,0,0,0,1
cus3846,1,1,1,1,0
cus3847,1,1,1,1,0
cus3848,1,1,1,0,0
cus3849,0,1,0,0,0
cus3850,0,0,1,0,0
cus3851,0,0,1,1,1
cus3852,1,0,1,1,1
cus3853,1,0,1,1,0
cus3854,0,1,0,0,0
cus3855,1,0,1,1,1
cus3856,1,0,0,1,0
cus3857,1,0,0,0,0
cus3858,0,0,1,0,0
cus3859,0,0,0,0,0
cus3860,1,1,0,0,0
cus3861,0,0,0,0,0
cus3862,0,0,1,0,0
cus3863,0,0,1,1,1
cus3864,0,1,0,0,0
cus3865,1,0,1,1,1
cus3866,0,1,0,1,1
cus3867,1,0,0,0,0
cus3868,0,0,0,0,0
cus3869,0,0,0,0,1
cus3870,0,0,0,0,0
cus3871,1,1,1,1,0
cus3872,0,0,0,0,1
cus3873,1,0,0,0,1
cus3874,1,0,1,0,1
cus3875,1,1,1,0,0
cus3876,1,0,0,0,0
cus3877,0,1,0,0,0
cus3878,0,0,0,0,0
cus3879,0,0,1,1,0
cus3880,0,0,0,0,0
cus3881,0,0,0,0,0
cus3882,1,1,1,1,1
cus3883,0,1,0,0,0
cus3884,1,1,0,1,0
cus3885,0,0,0,1,0
cus3886,1,1,1,1,0
cus3887,0,1,1,1,0
cus3888,0,0,1,0,0
cus3889,1,1,1,1,1
cus3890,1,0,0,1,1
cus3891,1,1,1,1,0
cus3892,1,1,1,1,1
cus3893,1,0,0,0,0
cus3894,1,0,1,1,1
cus3895,1,0,1,1,1
cus3896,1,1,1,1,0
cus3897,1,1,0,0,1
cus3898,1,0,1,1,1
cus3899,0,0,0,0,0
cus3900,1,0,0,0,0
cus3901,1,1,0,0,1
cus3902,1,0,0,0,0
cus3903,1,1,0,0,0
cus3904,0,0,1,1,0
cus3905,0,0,1,1,0
cus3906,0,0,1,0,0
cus3907,0,0,1,0,1
cus3908,1,1,0,0,1
cus3909,0,0,1,1,0
cus3910,1,1,1,0,0
cus3911,0,1,0,0,0
cus3912,1,1,1,0,1
cus3913,1,1,1,1,1
cus3914,0,0,0,1,0
cus3915,1,0,0,0,0
cus3916,1,1,1,1,1
cus3917,0,0,0,0,1
cus3918,0,0,0,0,0
cus3919,0,0,1,1,1
cus3920,1,0,1,0,0
cus3921,1,1,0,0,0
cus3922,1,0,1,0,0
cus3923,1,1,1,1,0
cus3924,1,1,1,0,0
cus3925,0,0,1,0,1
cus3926,1,1,0,0,0
cus3927,1,1,0,0,0
cus3928,0,0,1,1,1
cus3929,1,0,0,0,0
cus3930,0,1,0,0,1
cus3931,1,1,0,0,0
cus3932,0,0,0,0,0
cus3933,0,1,1,1,0
cus3934,0,0,1,1,0
cus3935,0,0,0,0,1
cus3936,1,1,0,1,0
cus3937,0,0,0,0,1
cus3938,1,1,1,0,1
cus3939,1,1,1,1,0
cus3940,1,1,0,0,0
cus3941,0,0,1,1,0
cus3942,1,1,1,1,0
cus3943,1,1,1,1,1
cus3944,1,1,0,0,1
cus3945,1,1,1,1,1
cus3946,0,1,1,0,0
cus3947,1,1,1,1,1
cus3948,1,1,0,0,1
cus3949,1,1,0,0,0
cus3950,0,0,0,0,0
cus3951,0,0,1,1,0
cus3952,1,1,0,0,1
cus3953,0,0,0,0,0
cus3954,1,1,1,0,1
cus3955,0,0,1,0,0
cus3956,1,1,0,0,0
cus3957,1,1,1,1,0
cus3958,0,0,1,0,0
cus3959,1,1,1,1,0
cus3960,0,0,1,0,1
cus3961,0,1,1,1,1
cus3962,0,0,1,1,0
cus3963,1,0,0,0,0
cus3964,1,0,0,0,0
cus3965,1,1,0,0,0
cus3966,0,0,1,0,0
cus3967,0,0,0,0,0
cus3968,1,1,1,1,0
cus3969,0,0,0,0,0
cus3970,1,1,1,1,1
cus3971,1,1,1,1,1
cus3972,0,1,0,0,0
cus3973,0,0,1,0,0
cus3974,0,0,0,0,0
cus3975,0,1,1,1,1
cus3976,1,1,1,1,1
cus3977,0,0,0,1,0
cus3978,1,0,0,0,0
cus3979,1,1,0,1,1
cus3980,0,0,0,0,0
cus3981,1,1,1,1,1
cus3982,1,1,0,0,0
cus3983,1,1,0,0,1
cus3984,0,0,1,0,0
cus3985,1,1,0,0,1
cus3986,0,0,1,0,0
cus3987,1,0,1,0,0
cus3988,1,1,0,0,1
cus3989,1,1,0,0,0
cus3990,1,1,1,1,1
cus3991,1,0,0,0,1
cus3992,0,0,0,0,0
cus3993,1,1,0,0,1
cus3994,1,1,1,1,0
cus3995,1,0,0,0,0
cus3996,0,1,1,1,0
cus3997,0,0,0,0,0
cus3998,0,0,0,0,0
cus3999,0,0,1,1,0
cus4000,0,1,1,1,1
cus4001,0,0,1,0,0
cus4002,0,0,1,0,1
cus4003,1,1,1,1,1
cus4004,0,0,0,0,1
cus4005,1,1,1,0,1
cus4006,1,1,1,1,1
cus4007,0,1,0,0,1
cus4008,0,0,1,0,1
cus4009,1,0,0,0,1
cus4010,0,0,1,1,0
cus4011,1,0,0,0,0
cus4012,0,0,1,0,0
cus4013,1,1,0,0,0
cus4014,1,1,0,0,0
cus4015,1,1,1,0,0
cus4016,1,1,1,0,1
cus4017,0,0,1,0,1
cus4018,1,1,1,1,1
cus4019,0,0,0,0,0
cus4020,0,0,0,0,1
cus4021,0,1,1,1,0
cus4022,1,0,0,0,0
cus4023,0,0,1,0,0
cus4024,0,0,1,1,1
cus4025,0,0,0,0,0
cus4026,1,1,1,1,0
cus4027,1,1,0,0,1
cus4028,1,1,1,0,1
cus4029,0,0,1,0,0
cus4030,0,0,1,1,0
cus4031,1,1,1,1,1
cus4032,1,1,0,0,1
cus4033,0,0,0,0,0
cus4034,1,1,0,0,0
cus4035,0,1,1,1,1
cus4036,1,0,1,1,1
cus4037,0,0,0,0,0
cus4038,1,1,1,0,1
cus4039,1,1,0,0,1
cus4040,0,0,1,0,0
cus4041,1,1,1,1,0
cus4042,1,0,0,0,1
cus4043,1,1,1,1,0
cus4044,1,0,1,0,0
cus4045,1,0,0,0,0
cus4046,1,1,1,1,0
cus4047,0,0,0,0,1
cus4048,1,1,0,0,1
cus4049,1,0,0,0,0
cus4050,1,1,1,0,1
cus4051,0,0,0,0,0
cus4052,0,1,0,0,0
cus4053,0,0,0,0,1
cus4054,1,1,1,1,1
cus4055,1,0,0,0,0
cus4056,1,1,1,0,1
cus4057,1,0,0,0,1
cus4058,0,0,1,1,0
cus4059,0,0,0,0,0
cus4060,1,1,0,0,1
cus4061,0,0,0,1,0
cus4062,0,0,1,1,0
cus4063,1,1,1,0,1
cus4064,1,0,0,1,0
cus4065,0,0,1,0,1
cus4066,1,1,0,0,0
cus4067,1,1,0,0,0
cus4068,1,0,1,1,0
cus4069,0,0,1,1,0
cus4070,0,0,1,0,0
cus4071,1,1,1,1,0
cus4072,0,0,0,0,1
cus4073,0,0,1,0,1
cus4074,0,0,0,1,0
cus4075,1,1,0,0,0
cus4076,0,0,0,0,0
cus4077,0,0,1,1,0
cus4078,1,0,0,0,1
cus4079,1,1,1,0,1
cus4080,1,1,1,0,0
cus4081,0,0,0,0,0
cus4082,1,0,0,0,0
cus4083,1,1,0,0,0
cus4084,1,0,0,0,1
cus4085,1,0,0,0,0
cus4086,1,1,1,1,1
cus4087,0,0,1,0,0
cus4088,0,0,0,1,1
cus4089,1,1,1,0,1
cus4090,0,1,1,1,0
cus4091,0,0,0,0,0
cus4092,0,1,0,0,0
cus4093,1,1,1,1,0
cus4094,1,1,0,0,1
cus4095,1,1,1,1,1
cus4096,0,0,0,0,0
cus4097,0,1,0,0,0
cus4098,1,1,0,0,1
cus4099,0,1,1,1,0
cus4100,0,0,1,1,1
cus4101,1,1,1,1,1
cus4102,0,0,1,1,1
cus4103,1,1,0,0,0
cus4104,1,1,0,0,0
cus4105,1,0,1,0,0
cus4106,1,0,0,0,0
cus4107,1,1,1,1,1
cus4108,0,1,1,1,0
cus4109,0,1,0,1,0
cus4110,0,0,1,0,0
cus4111,0,0,1,1,0
cus4112,0,0,0,1,1
cus4113,1,1,0,0,0
cus4114,0,0,1,1,1
cus4115,0,0,1,1,0
cus4116,0,0,0,0,0
cus4117,0,0,1,1,0
cus4118,0,0,1,0,0
cus4119,1,0,1,0,1
cus4120,1,1,1,0,0
cus4121,0,0,0,0,0
cus4122,0,1,1,0,0
cus4123,1,1,0,0,1
cus4124,1,1,0,0,0
cus4125,1,0,0,0,1
cus4126,1,0,0,0,0
cus4127,0,0,0,0,1
cus4128,1,0,1,0,1
cus4129,1,1,1,1,1
cus4130,0,1,1,1,0
cus4131,0,0,1,1,0
cus4132,0,1,1,1,1
cus4133,0,0,1,1,0
cus4134,0,0,1,1,1
cus4135,1,1,0,0,0
cus4136,1,1,1,1,1
cus4137,1,1,1,1,1
cus4138,1,1,1,0,1
cus4139,1,0,0,0,0
cus4140,1,1,0,0,0
cus4141,0,0,1,0,0
cus4142,0,0,1,1,0
cus4143,0,0,1,1,1
cus4144,0,1,1,0,0
cus4145,0,0,0,0,1
cus4146,0,0,1,0,0
cus4147,0,0,1,1,1
cus4148,1,1,1,1,1
cus4149,0,0,0,0,0
cus4150,0,0,1,1,0
cus4151,0,0,1,0,0
cus4152,1,1,0,0,0
cus4153,1,1,1,0,1
cus4154,1,0,0,0,1
cus4155,1,1,0,1,0
cus4156,0,0,1,0,0
cus4157,0,1,1,0,0
cus4158,1,1,0,0,0
cus4159,1,0,0,0,0
cus4160,0,0,1,0,0
cus4161,1,0,1,1,1
cus4162,1,0,0,0,0
cus4163,1,1,1,1,1
cus4164,0,0,1,1,1
cus4165,0,1,0,0,0
cus4166,1,0,1,1,0
cus4167,0,0,0,0,1
cus4168,1,1,1,0,0
cus4169,1,0,1,0,0
cus4170,0,0,1,1,1
cus4171,1,1,1,0,0
cus4172,1,1,1,0,0
cus4173,1,1,1,0,1
cus4174,1,0,0,0,0
cus4175,0,0,1,1,1
cus4176,1,0,1,0,1
cus4177,1,1,0,0,0
cus4178,1,0,1,0,1
cus4179,0,0,1,0,1
cus4180,1,0,1,1,1
cus4181,0,1,0,0,0
cus4182,0,0,0,0,1
cus4183,0,0,0,1,0
cus4184,0,0,0,0,1
cus4185,0,0,1,1,0
cus4186,0,0,1,1,1
cus4187,0,0,0,0,1
cus4188,1,1,1,1,0
cus4189,0,0,0,0,0
cus4190,1,0,1,1,1
cus4191,0,0,0,0,0
cus4192,0,0,0,0,0
cus4193,0,1,0,0,0
cus4194,1,1,1,1,1
cus4195,0,0,1,0,1
cus4196,1,1,0,0,1
cus4197,0,0,1,0,0
cus4198,1,0,0,0,0
cus4199,0,1,0,1,0
cus4200,1,0,1,1,1
cus4201,0,0,0,1,1
cus4202,0,0,1,1,1
cus4203,0,0,0,1,1
cus4204,1,1,0,1,0
cus4205,1,1,0,0,0
cus4206,0,0,0,0,0
cus4207,1,0,1,1,1
cus4208,1,1,1,0,1
cus4209,0,0,0,0,0
cus4210,0,0,0,0,1
cus4211,1,1,0,0,0
cus4212,0,0,0,0,0
cus4213,1,1,1,1,0
cus4214,0,0,1,1,0
cus4215,1,1,1,1,1
cus4216,1,1,0,1,0
cus4217,0,0,1,0,1
cus4218,1,0,0,0,0
cus4219,0,0,1,1,0
cus4220,1,0,1,1,0
cus4221,0,1,1,1,1
cus4222,1,1,0,1,0
cus4223,0,1,0,1,1
cus4224,1,1,0,0,0
cus4225,1,1,0,0,0
cus4226,0,0,0,0,0
cus4227,0,1,1,1,0
cus4228,1,0,0,1,1
cus4229,0,1,1,1,0
cus4230,0,0,0,0,1
cus4231,0,0,0,0,1
cus4232,1,1,0,0,1
cus4233,1,1,0,1,0
cus4234,1,1,1,0,0
cus4235,0,0,1,1,0
cus4236,0,1,0,0,0
cus4237,1,0,1,1,1
cus4238,1,1,1,1,0
cus4239,1,1,1,1,0
cus4240,1,0,0,0,1
cus4241,1,1,0,0,1
cus4242,1,1,0,1,1
cus4243,1,1,0,0,0
cus4244,1,1,0,0,0
cus4245,1,0,0,0,1
cus4246,0,0,1,1,0
cus4247,1,1,0,0,0
cus4248,1,1,1,1,1
cus4249,0,0,1,1,0
cus4250,0,0,1,1,1
cus4251,0,1,1,1,1
cus4252,1,1,1,1,0
cus4253,1,1,0,0,1
cus4254,0,1,0,0,0
cus4255,1,1,0,0,0
cus4256,1,1,0,0,1
cus4257,1,1,0,0,1
cus4258,0,0,1,1,1
cus4259,0,0,1,1,0
cus4260,1,1,1,1,1
cus4261,1,0,0,0,1
cus4262,0,1,1,0,0
cus4263,0,0,0,0,0
cus4264,0,0,1,0,1
cus4265,1,1,1,0,0
cus4266,1,0,0,0,0
cus4267,1,1,1,0,1
cus4268,0,0,1,1,0
cus4269,1,1,0,0,1
cus4270,0,0,0,0,0
cus4271,1,1,0,0,1
cus4272,1,1,1,1,0
cus4273,0,0,1,1,0
cus4274,1,1,0,0,1
cus4275,1,0,1,1,0
cus4276,0,0,0,0,0
cus4277,1,0,1,1,0
cus4278,1,0,1,1,1
cus4279,0,1,0,0,0
cus4280,1,1,1,0,0
cus4281,1,1,1,1,1
cus4282,0,0,0,0,0
cus4283,0,0,0,0,1
cus4284,1,1,0,1,0
cus4285,0,0,1,1,1
cus4286,0,0,1,1,0
cus4287,0,0,1,1,1
cus4288,1,1,0,0,1
cus4289,1,1,0,0,0
cus4290,1,0,1,0,1
cus4291,0,0,1,0,0
cus4292,1,1,0,0,0
cus4293,0,0,0,0,1
cus4294,0,1,1,0,0
cus4295,1,1,0,0,0
cus4296,1,1,1,1,1
cus4297,1,1,1,0,0
cus4298,0,0,1,0,1
cus4299,0,0,0,0,0
cus4300,0,0,0,1,0
cus4301,1,1,0,1,0
cus4302,1,0,0,0,1
cus4303,1,0,1,1,0
cus4304,1,1,1,1,0
cus4305,1,0,1,1,0
cus4306,1,1,0,1,0
cus4307,1,1,1,0,1
cus4308,0,0,1,1,0
cus4309,0,0,0,1,0
cus4310,0,0,0,0,0
cus4311,0,0,0,0,0
cus4312,1,1,1,0,1
cus4313,0,0,1,1,1
cus4314,0,0,1,1,0
cus4315,1,1,0,1,0
cus4316,0,0,1,1,1
cus4317,0,0,1,1,1
cus4318,1,1,0,0,1
cus4319,0,1,0,0,0
cus4320,0,0,0,0,0
cus4321,0,0,0,1,1
cus4322,0,0,0,0,0
cus4323,0,0,1,0,0
cus4324,1,1,1,1,1
cus4325,1,1,0,0,0
cus4326,1,0,0,0,0
cus4327,0,0,0,1,1
cus4328,1,1,1,0,1
cus4329,0,0,1,1,1
cus4330,0,0,1,0,0
cus4331,1,1,0,0,0
cus4332,1,1,1,0,0
cus4333,1,1,1,0,1
cus4334,0,0,0,0,0
cus4335,1,1,0,0,1
cus4336,0,1,1,0,1
cus4337,0,0,0,1,1
cus4338,1,1,0,0,1
cus4339,0,0,1,1,1
cus4340,0,0,0,0,0
cus4341,1,0,0,0,0
cus4342,0,0,1,1,0
cus4343,0,0,0,1,0
cus4344,1,1,1,1,1
cus4345,1,1,1,0,1
cus4346,1,1,0,0,1
cus4347,0,0,1,0,0
cus4348,1,1,0,0,1
cus4349,1,1,1,1,1
cus4350,0,0,1,1,1
cus4351,1,1,0,1,1
cus4352,1,0,0,1,1
cus4353,0,0,0,0,0
cus4354,0,0,0,0,0
cus4355,1,0,0,0,1
cus4356,1,0,0,1,1
cus4357,1,0,0,0,0
cus4358,0,0,0,0,0
cus4359,0,1,1,0,0
cus4360,1,1,0,0,0
cus4361,0,0,1,0,1
cus4362,1,1,1,1,1
cus4363,1,1,1,1,0
cus4364,0,1,0,0,0
cus4365,1,0,1,1,1
cus4366,1,1,0,0,1
cus4367,1,1,1,0,0
cus4368,0,0,1,1,0
cus4369,1,0,1,1,0
cus4370,0,0,0,1,0
cus4371,1,1,0,0,0
cus4372,0,1,0,0,1
cus4373,0,0,0,0,0
cus4374,0,0,1,1,1
cus4375,0,0,1,1,0
cus4376,1,1,0,0,1
cus4377,1,1,0,0,1
cus4378,1,1,0,0,1
cus4379,0,1,0,0,0
cus4380,0,1,1,1,1
cus4381,1,1,0,0,0
cus4382,0,0,1,1,0
cus4383,0,0,0,1,0
cus4384,1,1,0,0,0
cus4385,1,0,1,1,0
cus4386,1,1,0,0,1
cus4387,0,0,1,0,0
cus4388,1,1,1,0,0
cus4389,1,0,0,0,0
cus4390,1,0,0,0,0
cus4391,0,0,0,0,0
cus4392,1,0,0,0,0
cus4393,1,1,1,1,0
cus4394,0,0,0,0,0
cus4395,1,1,0,0,0
cus4396,0,0,1,0,1
cus4397,1,1,0,0,1
cus4398,0,0,1,1,0
cus4399,0,0,1,1,1
cus4400,1,1,0,0,1
cus4401,0,1,1,0,0
cus4402,1,1,0,0,0
cus4403,0,0,0,1,0
cus4404,0,0,1,0,1
cus4405,0,0,1,0,1
cus4406,1,1,0,0,0
cus4407,1,1,0,0,0
cus4408,0,0,1,1,0
cus4409,0,0,0,0,0
cus4410,1,1,1,0,1
cus4411,0,0,1,0,0
cus4412,1,1,0,0,0
cus4413,1,1,1,0,0
cus4414,1,0,0,0,1
cus4415,1,0,1,1,0
cus4416,1,1,1,0,1
cus4417,0,0,0,0,1
cus4418,0,0,0,0,0
cus4419,1,0,1,1,0
cus4420,0,0,0,0,0
cus4421,1,0,1,0,1
cus4422,1,1,0,0,1
cus4423,1,0,1,0,0
cus4424,0,0,1,0,0
cus4425,0,1,0,0,0
cus4426,1,1,0,0,1
cus4427,0,1,1,1,1
cus4428,1,1,1,1,0
cus4429,1,1,1,0,0
cus4430,1,1,0,0,0
cus4431,0,0,0,1,0
cus4432,1,1,0,0,0
cus4433,1,1,1,1,1
cus4434,0,0,1,1,0
cus4435,1,1,1,1,0
cus4436,0,0,1,0,1
cus4437,0,0,1,0,0
cus4438,1,1,1,0,0
cus4439,1,1,1,1,1
cus4440,0,1,1,1,1
cus4441,1,1,1,0,0
cus4442,1,1,1,1,1
cus4443,1,1,1,0,0
cus4444,0,1,0,0,0
cus4445,1,1,1,1,1
cus4446,0,0,1,1,1
cus4447,1,1,1,0,1
cus4448,0,0,0,0,1
cus4449,0,0,0,0,0
cus4450,1,1,0,0,1
cus4451,0,1,0,0,1
cus4452,1,0,1,1,0
cus4453,0,0,1,1,0
cus4454,0,0,0,0,1
cus4455,0,0,0,0,0
cus4456,0,0,0,0,0
cus4457,0,0,0,0,0
cus4458,0,0,0,0,0
cus4459,1,0,1,1,1
cus4460,1,0,0,0,0
cus4461,1,0,1,0,1
cus4462,1,0,1,0,0
cus4463,1,1,1,1,0
cus4464,1,1,1,0,1
cus4465,1,0,1,1,0
cus4466,0,0,0,1,0
cus4467,0,0,1,0,0
cus4468,0,0,1,0,0
cus4469,1,1,1,0,1
cus4470,1,1,1,1,0
cus4471,1,0,0,0,0
cus4472,1,1,1,0,1
cus4473,0,0,0,0,0
cus4474,1,1,1,0,1
cus4475,1,0,1,0,0
cus4476,0,1,1,0,0
cus4477,1,1,1,0,1
cus4478,1,1,1,0,1
cus4479,1,1,1,1,1
cus4480,1,0,1,0,0
cus4481,1,1,0,0,1
cus4482,1,1,0,1,0
cus4483,0,1,0,0,0
cus4484,1,0,0,0,0
cus4485,1,0,0,1,1
cus4486,1,1,0,0,1
cus4487,1,1,1,1,1
cus4488,0,0,0,0,0
cus4489,0,0,1,0,0
cus4490,1,1,0,0,0
cus4491,1,1,1,0,0
cus4492,0,0,0,0,0
cus4493,0,0,0,0,0
cus4494,1,0,0,0,0
cus4495,0,0,0,0,0
cus4496,1,1,1,0,1
cus4497,0,0,0,1,0
cus4498,0,0,0,0,0
cus4499,0,0,0,0,0
cus4500,0,0,0,0,0
cus4501,1,1,1,0,1
cus4502,0,0,0,1,0
cus4503,1,1,0,0,0
cus4504,0,0,0,0,0
cus4505,1,1,1,1,0
cus4506,1,1,0,0,0
cus4507,1,1,0,0,0
cus4508,0,0,0,0,1
cus4509,0,0,1,0,0
cus4510,0,0,1,0,1
cus4511,1,1,0,0,0
cus4512,0,1,0,0,0
cus4513,0,0,0,0,0
cus4514,0,1,1,1,0
cus4515,1,0,0,0,1
cus4516,1,1,0,0,0
cus4517,0,0,1,0,0
cus4518,0,0,1,1,0
cus4519,1,0,1,1,1
cus4520,1,0,0,0,0
cus4521,0,0,1,0,0
cus4522,0,0,0,0,1
cus4523,1,1,0,1,0
cus4524,1,0,1,0,1
cus4525,1,0,1,1,1
cus4526,1,1,1,0,1
cus4527,0,0,0,0,0
cus4528,1,1,1,1,1
cus4529,1,1,1,1,0
cus4530,1,0,1,0,1
cus4531,1,1,0,0,0
cus4532,1,1,1,1,1
cus4533,0,0,0,0,0
cus4534,1,0,0,1,1
cus4535,0,0,1,1,0
cus4536,1,1,1,0,0
cus4537,0,0,0,0,0
cus4538,0,0,1,1,0
cus4539,0,0,0,0,0
cus4540,0,1,0,0,0
cus4541,1,1,0,0,0
cus4542,1,1,1,1,1
cus4543,1,1,0,0,1
cus4544,1,1,1,1,1
cus4545,0,0,0,0,0
cus4546,0,0,1,1,1
cus4547,1,1,1,1,0
cus4548,1,1,1,1,0
cus4549,0,1,0,0,0
cus4550,1,0,1,1,1
cus4551,0,0,0,0,0
cus4552,0,0,0,1,0
cus4553,0,0,0,0,0
cus4554,1,1,1,1,1
cus4555,1,1,0,0,0
cus4556,0,0,1,0,0
cus4557,1,1,1,1,1
cus4558,1,1,0,0,0
cus4559,0,0,1,1,0
cus4560,0,0,1,0,1
cus4561,1,0,0,0,0
cus4562,1,1,1,1,0
cus4563,1,1,1,1,1
cus4564,0,0,1,1,0
cus4565,1,1,0,0,1
cus4566,0,0,0,0,0
cus4567,0,0,1,0,1
cus4568,0,1,1,0,1
cus4569,0,0,0,0,0
cus4570,1,0,1,1,0
cus4571,0,1,1,1,1
cus4572,0,0,1,1,0
cus4573,1,1,1,1,1
cus4574,1,0,0,0,1
cus4575,1,1,0,0,0
cus4576,0,1,0,0,0
cus4577,0,0,0,0,0
cus4578,0,0,1,0,0
cus4579,0,1,0,0,0
cus4580,1,1,1,1,0
cus4581,1,1,0,0,1
cus4582,0,0,0,0,1
cus4583,1,1,0,0,0
cus4584,0,0,0,0,0
cus4585,0,0,1,1,1
cus4586,1,1,1,0,1
cus4587,0,1,0,0,0
cus4588,0,1,0,1,0
cus4589,1,1,1,1,1
cus4590,0,0,1,1,0
cus4591,1,1,0,0,1
cus4592,1,1,1,1,1
cus4593,1,0,0,0,1
cus4594,1,0,0,1,0
cus4595,1,0,1,1,0
cus4596,0,0,1,0,0
cus4597,0,0,0,1,1
cus4598,0,0,1,1,0
cus4599,1,1,1,1,1
cus4600,1,0,0,0,1
cus4601,1,1,1,1,0
cus4602,1,1,0,0,0
cus4603,0,0,1,0,1
cus4604,1,0,1,1,0
cus4605,0,1,1,1,1
cus4606,0,0,0,1,1
cus4607,1,1,1,1,1
cus4608,0,0,0,1,0
cus4609,0,0,0,0,0
cus4610,1,1,0,0,0
cus4611,0,0,0,0,1
cus4612,1,0,0,0,1
cus4613,1,1,1,1,1
cus4614,1,1,1,0,1
cus4615,0,0,1,0,0
cus4616,0,0,0,0,0
cus4617,0,0,0,0,0
cus4618,1,1,1,0,1
cus4619,0,1,1,0,1
cus4620,1,1,0,0,0
cus4621,0,0,0,1,0
cus4622,0,0,0,0,0
cus4623,1,1,0,0,0
cus4624,1,1,0,0,0
cus4625,0,0,1,1,1
cus4626,1,1,1,1,0
cus4627,0,0,1,1,0
cus4628,1,1,0,0,0
cus4629,1,1,0,0,0
cus4630,0,0,1,0,0
cus4631,0,0,0,0,0
cus4632,0,0,1,1,1
cus4633,0,0,0,0,0
cus4634,0,0,0,1,0
cus4635,0,0,0,0,0
cus4636,1,1,1,0,1
cus4637,0,0,1,1,1
cus4638,0,0,1,1,0
cus4639,0,0,1,1,1
cus4640,1,1,0,0,1
cus4641,0,0,0,0,0
cus4642,0,0,0,0,0
cus4643,1,1,0,0,0
cus4644,1,1,1,1,0
cus4645,1,1,1,1,1
cus4646,0,0,1,1,1
cus4647,0,0,1,1,0
cus4648,1,1,0,0,0
cus4649,0,0,0,0,0
cus4650,0,0,1,0,1
cus4651,0,1,0,0,1
cus4652,0,0,1,1,0
cus4653,0,1,1,1,0
cus4654,1,1,1,1,0
cus4655,1,1,0,0,1
cus4656,1,1,0,0,0
cus4657,1,1,0,0,0
cus4658,0,1,1,0,0
cus4659,0,0,0,0,0
cus4660,1,1,1,1,1
cus4661,1,1,1,0,0
cus4662,1,0,1,1,0
cus4663,1,1,1,1,1
cus4664,0,0,0,0,1
cus4665,0,0,1,0,1
cus4666,1,0,0,0,0
cus4667,1,1,0,0,0
cus4668,0,0,0,0,0
cus4669,1,1,0,0,0
cus4670,1,1,1,1,0
cus4671,1,1,1,1,1
cus4672,0,1,1,0,0
cus4673,0,1,1,0,0
cus4674,0,0,1,1,0
cus4675,1,0,1,0,1
cus4676,1,1,0,0,1
cus4677,0,0,0,0,0
cus4678,1,1,0,0,1
cus4679,0,0,0,0,0
cus4680,1,1,1,1,1
cus4681,1,1,0,0,0
cus4682,1,1,0,0,0
cus4683,1,1,0,0,0
cus4684,0,0,0,0,0
cus4685,1,1,1,0,0
cus4686,0,1,0,1,1
cus4687,0,0,0,1,0
cus4688,0,1,1,1,0
cus4689,0,0,0,0,0
cus4690,0,0,1,0,1
cus4691,1,0,1,0,0
cus4692,1,1,0,0,0
cus4693,0,0,1,1,1
cus4694,1,1,1,0,1
cus4695,1,1,0,0,1
cus4696,0,0,1,1,0
cus4697,1,1,0,0,1
cus4698,1,1,1,0,0
cus4699,0,0,0,0,0
cus4700,1,1,0,0,0
cus4701,0,0,0,0,1
cus4702,1,0,0,0,1
cus4703,1,1,1,1,1
cus4704,1,1,1,1,0
cus4705,1,0,0,1,1
cus4706,1,1,1,1,0
cus4707,1,0,1,0,1
cus4708,1,1,0,1,0
cus4709,0,0,1,0,0
cus4710,1,1,0,0,0
cus4711,0,0,1,1,1
cus4712,0,0,1,1,1
cus4713,0,0,1,0,1
cus4714,0,0,1,0,1
cus4715,1,1,0,0,0
cus4716,0,0,1,1,0
cus4717,1,0,0,0,0
cus4718,1,1,0,0,1
cus4719,1,1,1,1,1
cus4720,0,1,1,1,1
cus4721,1,1,1,0,1
cus4722,1,0,0,0,0
cus4723,1,1,0,1,0
cus4724,0,0,1,1,0
cus4725,0,0,1,1,1
cus4726,0,0,0,0,0
cus4727,1,1,1,1,0
cus4728,1,0,0,0,1
cus4729,1,1,1,1,0
cus4730,0,0,1,1,1
cus4731,0,0,1,1,0
cus4732,0,0,1,0,0
cus4733,1,1,0,0,0
cus4734,0,0,1,1,0
cus4735,1,0,0,0,0
cus4736,1,1,1,0,1
cus4737,0,0,0,0,1
cus4738,1,1,1,1,0
cus4739,1,1,0,0,0
cus4740,1,0,0,0,1
cus4741,0,0,0,0,0
cus4742,0,1,0,1,1
cus4743,1,0,1,1,0
cus4744,0,0,1,1,1
cus4745,0,0,1,0,1
cus4746,0,0,1,1,0
cus4747,0,0,1,0,0
cus4748,0,0,0,0,0
cus4749,1,1,1,1,1
cus4750,1,1,0,0,0
cus4751,0,0,0,0,1
cus4752,1,1,1,1,1
cus4753,1,1,0,0,1
cus4754,0,0,1,0,1
cus4755,1,1,0,0,0
cus4756,1,1,1,1,0
cus4757,0,0,0,0,1
cus4758,0,0,1,1,0
cus4759,1,1,1,0,1
cus4760,0,0,1,0,0
cus4761,1,1,1,1,1
cus4762,0,0,1,1,1
cus4763,1,1,0,0,1
cus4764,0,0,1,0,0
cus4765,1,1,0,0,1
cus4766,0,0,0,0,0
cus4767,1,1,1,1,1
cus4768,0,0,0,0,0
cus4769,0,1,0,0,0
cus4770,1,1,0,0,1
cus4771,0,1,1,0,1
cus4772,0,0,0,1,1
cus4773,1,1,0,1,0
cus4774,1,1,1,1,1
cus4775,1,0,0,0,0
cus4776,0,0,0,0,0
cus4777,0,0,1,0,1
cus4778,0,0,1,1,1
cus4779,0,0,0,0,1
cus4780,1,1,0,0,0
cus4781,0,0,1,1,1
cus4782,1,1,0,0,0
cus4783,0,0,1,1,1
cus4784,1,1,0,0,0
cus4785,0,1,1,0,0
cus4786,1,1,1,1,0
cus4787,1,1,1,0,1
cus4788,1,1,1,1,1
cus4789,0,0,1,1,1
cus4790,0,0,0,0,0
cus4791,0,0,1,1,0
cus4792,1,1,1,0,1
cus4793,0,0,1,1,0
cus4794,1,1,1,0,1
cus4795,0,0,1,0,1
cus4796,0,0,0,0,0
cus4797,1,1,0,0,1
cus4798,1,1,0,0,1
cus4799,1,1,1,0,1
cus4800,0,0,1,1,0
cus4801,0,0,1,0,0
cus4802,1,1,1,1,1
cus4803,1,0,1,1,0
cus4804,1,1,0,0,1
cus4805,1,1,0,0,0
cus4806,1,0,1,1,0
cus4807,0,0,1,1,1
cus4808,0,1,1,1,0
cus4809,1,1,0,0,1
cus4810,1,1,0,0,1
cus4811,1,1,0,1,1
cus4812,0,0,1,0,1
cus4813,0,0,0,0,1
cus4814,0,1,1,0,0
cus4815,0,1,1,1,0
cus4816,1,1,1,0,1
cus4817,0,1,1,1,0
cus4818,1,1,0,0,0
cus4819,1,1,1,1,0
cus4820,0,0,0,0,1
cus4821,0,0,1,1,1
cus4822,0,0,0,1,0
cus4823,0,0,1,0,1
cus4824,1,1,0,0,0
cus4825,1,1,0,0,1
cus4826,0,0,1,1,0
cus4827,1,0,1,0,1
cus4828,1,1,0,0,0
cus4829,0,0,1,1,1
cus4830,1,1,1,1,1
cus4831,0,0,1,1,0
cus4832,1,1,1,0,1
cus4833,0,0,0,1,0
cus4834,1,0,0,0,0
cus4835,1,1,1,1,0
cus4836,0,0,0,0,0
cus4837,1,1,1,1,1
cus4838,0,1,0,0,0
cus4839,0,0,1,1,0
cus4840,1,1,0,1,0
cus4841,0,1,0,0,0
cus4842,0,1,0,1,0
cus4843,0,0,0,0,0
cus4844,0,0,1,0,0
cus4845,0,0,1,0,0
cus4846,1,1,0,0,1
cus4847,1,1,1,1,1
cus4848,0,0,1,0,0
cus4849,1,1,1,1,1
cus4850,1,1,0,0,0
cus4851,0,0,1,0,0
cus4852,0,0,1,0,1
cus4853,0,0,1,1,0
cus4854,1,0,0,1,1
cus4855,0,1,1,1,0
cus4856,0,0,1,1,1
cus4857,1,1,0,1,0
cus4858,1,1,0,0,0
cus4859,0,0,0,0,0
cus4860,0,0,1,0,0
cus4861,0,0,0,1,0
cus4862,1,1,0,0,0
cus4863,0,0,1,1,1
cus4864,1,1,1,1,0
cus4865,1,1,1,1,0
cus4866,0,0,1,0,1
cus4867,1,1,0,0,0
cus4868,0,0,1,1,0
cus4869,0,0,0,0,0
cus4870,1,0,1,0,0
cus4871,1,1,0,1,1
cus4872,0,0,1,1,0
cus4873,0,0,0,0,0
cus4874,1,1,0,1,0
cus4875,0,0,1,0,0
cus4876,0,0,1,1,0
cus4877,1,0,1,1,0
cus4878,0,0,0,0,0
cus4879,0,0,0,1,1
cus4880,1,1,1,1,0
cus4881,0,1,1,0,0
cus4882,0,0,0,0,1
cus4883,0,0,0,0,0
cus4884,1,1,0,0,1
cus4885,0,0,0,0,0
cus4886,1,1,0,0,1
cus4887,0,0,1,1,1
cus4888,1,1,0,1,0
cus4889,1,1,1,1,1
cus4890,0,0,1,1,1
cus4891,0,0,1,1,0
cus4892,1,1,1,1,0
cus4893,0,0,1,1,1
cus4894,0,0,1,1,0
cus4895,1,0,0,1,0
cus4896,1,1,0,0,1
cus4897,0,0,1,1,0
cus4898,0,0,0,0,0
cus4899,0,1,1,1,1
cus4900,0,0,0,0,0
cus4901,1,0,0,0,0
cus4902,1,1,0,0,0
cus4903,1,1,1,1,1
cus4904,1,1,0,0,0
cus4905,0,0,0,0,0
cus4906,0,0,1,1,0
cus4907,1,0,1,0,1
cus4908,1,1,0,1,0
cus4909,1,0,1,0,1
cus4910,0,0,0,0,1
cus4911,1,0,0,0,0
cus4912,1,1,1,0,1
cus4913,0,0,1,0,0
cus4914,1,1,0,0,1
cus4915,1,1,1,1,0
cus4916,0,0,0,1,1
cus4917,1,1,1,0,1
cus4918,0,0,1,1,0
cus4919,1,1,0,0,1
cus4920,0,0,0,0,1
cus4921,0,0,0,0,0
cus4922,1,1,0,0,0
cus4923,0,0,0,0,0
cus4924,0,0,1,1,0
cus4925,1,0,1,0,1
cus4926,1,1,1,0,1
cus4927,1,0,1,1,1
cus4928,1,1,1,0,0
cus4929,1,1,1,1,1
cus4930,0,0,1,1,1
cus4931,1,1,1,1,0
cus4932,1,0,1,1,1
cus4933,0,0,0,0,0
cus4934,1,1,0,0,0
cus4935,1,1,0,0,1
cus4936,1,1,0,0,0
cus4937,1,0,0,0,1
cus4938,1,1,0,0,0
cus4939,1,1,1,1,0
cus4940,1,1,0,0,1
cus4941,0,0,0,0,0
cus4942,1,1,0,0,0
cus4943,1,1,0,0,1
cus4944,1,1,0,0,1
cus4945,1,1,1,1,0
cus4946,1,1,0,0,1
cus4947,1,1,1,1,0
cus4948,1,1,0,0,0
cus4949,1,1,1,0,0
cus4950,0,1,0,0,0
cus4951,0,0,1,1,0
cus4952,0,0,1,1,0
cus4953,1,1,1,1,0
cus4954,0,0,0,0,0
cus4955,1,1,0,1,1
cus4956,0,0,1,0,0
cus4957,0,0,0,1,1
cus4958,1,1,0,0,1
cus4959,1,1,0,0,0
cus4960,1,0,0,0,0
cus4961,1,0,0,0,0
cus4962,0,0,1,1,0
cus4963,1,1,1,1,0
cus4964,0,0,1,1,0
cus4965,1,1,0,0,0
cus4966,1,1,1,0,1
cus4967,1,1,0,0,0
cus4968,1,1,0,0,0
cus4969,1,1,0,0,1
cus4970,1,0,1,1,1
cus4971,0,0,0,0,0
cus4972,1,0,1,1,0
cus4973,1,1,0,0,1
cus4974,1,1,0,0,0
cus4975,0,0,1,1,1
cus4976,1,0,1,1,1
cus4977,0,0,1,1,0
cus4978,1,1,1,0,0
cus4979,0,0,1,1,1
cus4980,1,1,0,1,1
cus4981,0,0,1,1,0
cus4982,0,0,1,1,1
cus4983,0,1,1,1,0
cus4984,1,1,0,0,0
cus4985,0,0,1,0,1
cus4986,1,1,0,0,1
cus4987,0,0,1,1,1
cus4988,0,0,0,1,1
cus4989,1,1,0,0,1
cus4990,0,1,0,1,0
cus4991,1,0,1,1,1
cus4992,1,1,0,0,0
cus4993,1,1,1,0,1
cus4994,0,0,1,1,1
cus4995,1,1,0,1,0
cus4996,1,1,0,0,0
cus4997,0,0,0,0,0
cus4998,0,0,1,0,0
cus4999,1,1,0,1,1
cus5000,1,1,0,0,0
cus5001,1,1,0,0,0
cus5002,1,1,1,1,1
cus5003,0,0,0,1,1
cus5004,0,0,0,0,0
cus5005,1,1,0,0,1
cus5006,1,1,0,1,1
cus5007,1,1,0,0,0
cus5008,0,0,1,0,0
cus5009,0,0,0,1,1
cus5010,1,1,1,1,0
cus5011,1,1,1,1,0
cus5012,1,0,1,1,1
cus5013,1,1,0,0,0
cus5014,1,1,0,0,0
cus5015,1,1,0,0,0
cus5016,1,0,1,1,0
cus5017,0,0,0,0,0
cus5018,0,0,1,1,0
cus5019,0,0,1,1,0
cus5020,1,1,0,0,0
cus5021,1,0,0,1,0
cus5022,0,1,0,0,1
cus5023,0,0,1,1,1
cus5024,0,1,1,1,1
cus5025,1,0,0,0,0
cus5026,0,0,1,1,1
cus5027,1,0,0,0,1
cus5028,1,1,0,0,0
cus5029,1,1,0,0,1
cus5030,1,1,0,1,1
cus5031,1,1,0,0,0
cus5032,0,0,1,0,0
cus5033,1,1,1,1,0
cus5034,0,0,1,0,1
cus5035,1,1,1,1,0
cus5036,0,0,0,0,0
cus5037,0,0,0,0,0
cus5038,1,1,0,0,0
cus5039,0,0,1,1,0
cus5040,1,1,1,0,0
cus5041,1,1,0,0,0
cus5042,1,1,1,0,0
cus5043,1,1,1,1,1
cus5044,1,1,0,0,0
cus5045,0,0,1,0,0
cus5046,0,0,0,0,0
cus5047,0,0,1,1,0
cus5048,1,1,0,1,1
cus5049,0,0,1,1,1
cus5050,1,1,0,0,1
cus5051,0,0,1,0,1
cus5052,0,0,0,1,0
cus5053,1,1,1,1,0
cus5054,1,1,1,1,0
cus5055,1,1,1,1,1
cus5056,0,0,0,0,0
cus5057,0,0,1,1,1
cus5058,1,1,0,0,0
cus5059,1,1,0,0,1
cus5060,1,0,1,1,0
cus5061,0,0,0,0,0
cus5062,1,1,0,0,0
cus5063,0,1,0,0,0
cus5064,1,1,1,1,1
cus5065,1,1,1,1,0
cus5066,0,1,1,1,0
cus5067,1,1,1,0,1
cus5068,1,0,0,0,0
cus5069,1,0,1,0,1
cus5070,1,1,1,1,1
cus5071,0,0,0,0,0
cus5072,1,1,0,0,1
cus5073,1,1,1,0,0
cus5074,0,0,1,1,0
cus5075,0,0,1,1,1
cus5076,0,0,0,0,1
cus5077,1,0,1,1,0
cus5078,1,1,1,0,0
cus5079,1,1,1,0,1
cus5080,1,1,1,0,0
cus5081,1,1,1,0,0
cus5082,1,1,0,0,0
cus5083,1,1,0,0,0
cus5084,1,1,0,0,0
cus5085,0,0,0,1,0
cus5086,1,1,1,1,0
cus5087,1,1,1,1,0
cus5088,1,1,1,1,0
cus5089,1,1,1,1,0
cus5090,1,0,0,1,0
cus5091,0,0,1,1,1
cus5092,1,0,0,1,0
cus5093,0,0,1,1,0
cus5094,0,1,0,0,0
cus5095,1,1,0,0,0
cus5096,0,1,0,0,1
cus5097,1,1,1,0,1
cus5098,0,0,1,1,0
cus5099,1,1,0,0,1
cus5100,1,1,1,0,0
cus5101,0,0,0,0,0
cus5102,1,1,1,1,0
cus5103,1,1,0,0,1
cus5104,1,0,0,0,0
cus5105,1,1,1,1,0
cus5106,1,1,0,1,0
cus5107,1,1,1,1,0
cus5108,0,0,0,0,0
cus5109,0,0,0,0,1
cus5110,1,1,0,0,0
cus5111,1,1,0,0,1
cus5112,0,0,1,0,0
cus5113,0,1,1,1,1
cus5114,1,1,1,1,0
cus5115,0,0,1,1,1
cus5116,1,1,1,1,0
cus5117,1,0,1,0,0
cus5118,0,1,1,1,0
cus5119,0,0,0,0,0
cus5120,1,1,0,0,1
cus5121,1,1,0,0,0
cus5122,0,0,0,0,0
cus5123,1,1,1,1,1
cus5124,1,1,1,1,0
cus5125,0,0,1,1,1
cus5126,1,0,1,0,0
cus5127,1,1,1,1,1
cus5128,0,0,0,1,1
cus5129,1,1,1,1,1
cus5130,0,0,1,0,0
cus5131,1,0,1,0,0
cus5132,0,0,0,1,1
cus5133,1,1,0,0,0
cus5134,0,0,1,1,0
cus5135,1,1,0,0,0
cus5136,0,0,1,0,0
cus5137,1,1,1,1,1
cus5138,1,1,1,1,1
cus5139,0,0,0,0,1
cus5140,1,1,0,0,0
cus5141,0,1,0,0,0
cus5142,1,1,1,1,1
cus5143,1,1,1,1,1
cus5144,0,0,1,1,0
cus5145,1,1,1,0,0
cus5146,1,1,1,1,0
cus5147,1,1,1,1,1
cus5148,1,1,1,1,0
cus5149,1,0,1,1,0
cus5150,0,1,0,0,1
cus5151,0,0,0,1,0
cus5152,1,0,0,0,1
cus5153,0,0,1,1,0
cus5154,1,1,0,0,1
cus5155,1,0,1,1,0
cus5156,1,0,1,0,1
cus5157,0,0,1,0,1
cus5158,0,0,1,0,1
cus5159,0,0,1,0,1
cus5160,1,1,1,1,0
cus5161,0,0,0,0,0
cus5162,1,0,1,1,0
cus5163,0,0,1,1,0
cus5164,1,1,1,0,1
cus5165,1,1,0,1,0
cus5166,1,1,0,0,1
cus5167,1,1,0,1,1
cus5168,1,0,1,0,1
cus5169,0,0,0,1,0
cus5170,0,0,1,0,1
cus5171,1,1,0,0,1
cus5172,1,1,1,0,0
cus5173,1,1,0,1,1
cus5174,1,1,0,0,0
cus5175,1,1,0,0,0
cus5176,1,0,1,1,0
cus5177,0,0,0,1,0
cus5178,0,0,1,1,0
cus5179,0,0,0,0,1
cus5180,0,0,0,1,1
cus5181,1,1,0,1,0
cus5182,1,0,0,0,1
cus5183,0,0,1,1,0
cus5184,0,0,0,0,0
cus5185,1,0,1,1,0
cus5186,1,1,1,1,0
cus5187,1,1,1,1,0
cus5188,1,1,0,0,1
cus5189,1,1,0,0,0
cus5190,0,0,0,1,0
cus5191,0,0,1,1,1
cus5192,1,1,0,0,0
cus5193,0,0,1,1,1
cus5194,0,1,0,0,0
cus5195,1,0,1,1,0
cus5196,0,0,0,0,0
cus5197,1,1,1,0,0
cus5198,0,0,1,0,1
cus5199,0,0,1,0,1
cus5200,1,0,0,0,0
cus5201,1,1,1,1,1
cus5202,0,1,0,1,1
cus5203,1,0,1,1,0
cus5204,1,1,0,0,1
cus5205,0,0,1,1,1
cus5206,1,1,1,1,0
cus5207,0,0,0,1,0
cus5208,0,0,1,1,1
cus5209,1,1,1,0,1
cus5210,0,0,0,0,0
cus5211,1,1,0,1,1
cus5212,1,1,1,0,1
cus5213,1,1,0,0,0
cus5214,0,0,1,1,0
cus5215,0,0,1,1,0
cus5216,1,1,1,0,0
cus5217,1,1,1,0,0
cus5218,1,1,0,0,1
cus5219,1,0,0,0,0
cus5220,0,0,0,0,1
cus5221,1,0,1,1,1
cus5222,1,1,1,1,0
cus5223,0,0,1,0,1
cus5224,1,1,1,1,1
cus5225,0,0,0,0,1
cus5226,1,1,1,1,0
cus5227,1,1,0,0,1
cus5228,1,1,0,0,1
cus5229,1,1,0,0,1
cus5230,1,1,1,1,1
cus5231,0,0,1,1,1
cus5232,1,0,1,0,1
cus5233,1,1,0,0,1
cus5234,1,0,1,1,1
cus5235,1,1,1,0,1
cus5236,0,0,1,1,0
cus5237,0,0,0,1,0
cus5238,1,1,1,0,1
cus5239,0,0,0,0,1
cus5240,0,0,0,0,1
cus5241,1,1,0,0,0
cus5242,1,1,0,1,0
cus5243,0,0,1,1,0
cus5244,1,1,1,1,0
cus5245,0,0,0,0,1
cus5246,1,0,0,0,1
cus5247,0,0,0,0,0
cus5248,0,1,0,1,0
cus5249,1,1,1,0,1
cus5250,1,0,0,1,0
cus5251,1,1,0,0,1
cus5252,1,0,1,1,1
cus5253,0,0,1,0,0
cus5254,1,1,0,1,0
cus5255,1,1,1,1,1
cus5256,1,1,0,0,1
cus5257,0,0,1,1,1
cus5258,0,0,0,0,0
cus5259,0,0,0,0,0
cus5260,0,0,1,0,0
cus5261,1,0,1,1,1
cus5262,1,1,0,0,0
cus5263,1,1,0,0,0
cus5264,0,0,1,0,0
cus5265,1,1,1,1,0
cus5266,1,1,0,0,1
cus5267,1,1,1,1,1
cus5268,0,0,1,1,0
cus5269,1,0,0,0,1
cus5270,1,1,0,0,1
cus5271,0,0,1,1,0
cus5272,1,1,1,1,1
cus5273,1,1,0,0,1
cus5274,0,0,1,1,0
cus5275,1,1,1,1,1
cus5276,1,0,0,0,1
cus5277,1,0,0,0,1
cus5278,1,1,1,0,1
cus5279,0,0,1,0,0
cus5280,1,1,0,0,0
cus5281,1,1,1,1,1
cus5282,0,0,0,0,0
cus5283,0,1,0,1,0
cus5284,1,1,0,0,0
cus5285,1,1,1,1,0
cus5286,1,1,0,1,0
cus5287,1,1,1,1,0
cus5288,0,0,0,0,0
cus5289,0,1,1,0,0
cus5290,0,0,1,1,0
cus5291,1,1,0,1,0
cus5292,0,1,1,1,0
cus5293,1,1,0,0,1
cus5294,1,1,0,0,0
cus5295,0,0,1,0,0
cus5296,1,1,0,0,0
cus5297,0,0,1,1,0
cus5298,1,0,1,1,0
cus5299,1,1,1,1,0
cus5300,0,0,1,0,0
cus5301,1,1,1,1,0
cus5302,1,1,1,1,0
cus5303,1,1,1,0,1
cus5304,0,0,0,0,1
cus5305,1,1,0,1,1
cus5306,0,0,0,1,0
cus5307,1,1,0,0,0
cus5308,1,1,0,0,1
cus5309,0,0,0,0,0
cus5310,1,0,0,0,1
cus5311,0,0,1,1,0
cus5312,1,0,0,1,0
cus5313,1,1,0,0,0
cus5314,0,0,1,1,0
cus5315,1,0,0,0,0
cus5316,1,0,1,0,1
cus5317,0,0,1,1,0
cus5318,1,1,0,0,1
cus5319,0,0,0,0,1
cus5320,1,1,1,0,1
cus5321,0,0,0,0,0
cus5322,1,1,1,1,0
cus5323,0,1,0,0,1
cus5324,1,1,1,0,0
cus5325,0,0,0,1,0
cus5326,1,0,0,1,1
cus5327,1,1,0,0,0
cus5328,0,0,1,1,0
cus5329,1,1,0,0,1
cus5330,1,0,0,0,0
cus5331,0,0,1,0,0
cus5332,1,1,0,0,1
cus5333,0,0,0,0,0
cus5334,1,0,0,0,1
cus5335,1,1,0,0,0
cus5336,1,1,1,0,1
cus5337,1,1,1,0,0
cus5338,0,0,1,1,0
cus5339,0,1,0,1,1
cus5340,1,1,1,1,1
cus5341,1,1,0,0,1
cus5342,1,1,1,1,0
cus5343,0,0,0,0,1
cus5344,0,1,1,1,0
cus5345,0,0,1,1,0
cus5346,1,1,0,0,0
cus5347,0,0,0,0,0
cus5348,0,0,0,0,0
cus5349,0,1,1,0,0
cus5350,0,0,0,0,1
cus5351,1,1,1,1,0
cus5352,1,1,0,0,1
cus5353,0,0,0,0,0
cus5354,1,1,1,1,0
cus5355,1,1,0,0,1
cus5356,0,0,0,0,0
cus5357,0,0,0,1,0
cus5358,1,1,0,1,1
cus5359,0,0,1,1,1
cus5360,1,1,1,0,1
cus5361,0,0,0,0,0
cus5362,0,0,1,1,0
cus5363,0,0,0,1,0
cus5364,1,1,1,1,0
cus5365,1,1,0,1,0
cus5366,1,1,1,0,1
cus5367,0,0,1,1,0
cus5368,1,1,1,0,0
cus5369,1,1,0,1,0
cus5370,1,0,0,0,1
cus5371,1,1,1,0,1
cus5372,1,0,0,0,0
cus5373,0,0,1,1,0
cus5374,0,0,1,1,0
cus5375,1,1,0,0,1
cus5376,0,0,0,0,0
cus5377,1,1,0,1,0
cus5378,0,0,0,0,1
cus5379,1,0,1,1,1
cus5380,1,1,0,0,1
cus5381,0,0,1,1,1
cus5382,0,0,1,0,0
cus5383,0,0,0,0,0
cus5384,0,0,1,0,0
cus5385,0,0,1,1,0
cus5386,1,1,1,1,0
cus5387,0,1,0,1,1
cus5388,0,0,0,0,0
cus5389,1,1,1,0,1
cus5390,1,1,1,1,1
cus5391,1,1,0,0,1
cus5392,0,0,0,0,1
cus5393,0,0,1,1,1
cus5394,1,0,0,1,1
cus5395,0,0,0,0,0
cus5396,0,0,0,0,0
cus5397,1,1,1,0,1
cus5398,0,0,1,0,0
cus5399,0,1,0,0,0
cus5400,1,1,0,0,1
cus5401,0,1,0,0,0
cus5402,1,0,0,0,0
cus5403,1,1,1,1,0
cus5404,1,1,0,1,0
cus5405,1,1,1,1,1
cus5406,0,0,1,0,0
cus5407,0,1,1,0,1
cus5408,1,1,1,1,0
cus5409,1,1,0,0,0
cus5410,0,1,1,0,0
cus5411,0,1,1,1,0
cus5412,1,1,1,1,1
cus5413,1,1,1,1,1
cus5414,1,1,1,0,0
cus5415,0,0,1,0,1
cus5416,1,1,1,1,0
cus5417,0,0,1,1,1
cus5418,1,0,1,1,0
cus5419,0,0,0,0,1
cus5420,1,1,1,0,1
cus5421,1,1,1,0,0
cus5422,0,0,0,0,0
cus5423,0,0,0,0,0
cus5424,1,0,0,0,0
cus5425,1,1,1,0,1
cus5426,1,1,0,0,0
cus5427,0,0,0,0,1
cus5428,0,0,0,0,0
cus5429,0,1,1,1,0
cus5430,0,0,0,0,0
cus5431,0,1,1,1,1
cus5432,0,0,0,0,1
cus5433,1,1,1,1,0
cus5434,0,0,0,0,0
cus5435,1,1,1,0,0
cus5436,0,0,1,1,0
cus5437,0,0,1,0,1
cus5438,1,1,0,0,0
cus5439,1,1,0,0,0
cus5440,1,0,1,1,0
cus5441,1,1,0,0,1
cus5442,0,0,1,1,0
cus5443,1,1,1,0,1
cus5444,0,0,1,1,0
cus5445,1,1,0,1,1
cus5446,1,1,1,0,0
cus5447,1,1,1,1,1
cus5448,1,0,1,1,1
cus5449,1,0,1,0,1
cus5450,0,0,1,1,0
cus5451,1,1,1,1,1
cus5452,0,0,1,1,1
cus5453,1,1,0,0,1
cus5454,1,1,0,0,1
cus5455,1,1,0,1,1
cus5456,1,1,1,0,1
cus5457,0,0,0,0,1
cus5458,0,1,0,0,1
cus5459,0,0,0,0,1
cus5460,0,0,0,0,1
cus5461,1,1,0,0,0
cus5462,0,0,0,0,0
cus5463,0,1,1,1,1
cus5464,1,0,0,0,0
cus5465,1,1,0,0,0
cus5466,1,1,0,1,0
cus5467,1,1,0,0,1
cus5468,1,1,1,1,0
cus5469,0,0,1,0,0
cus5470,0,0,1,1,0
cus5471,1,1,0,0,1
cus5472,0,0,1,1,0
cus5473,1,1,1,1,0
cus5474,0,0,0,0,0
cus5475,1,1,1,1,1
cus5476,1,1,1,0,1
cus5477,0,0,0,0,0
cus5478,1,1,0,0,1
cus5479,1,0,0,0,1
cus5480,1,1,0,0,0
cus5481,0,0,0,1,0
cus5482,0,0,1,1,1
cus5483,0,1,0,0,0
cus5484,1,0,0,0,0
cus5485,1,1,1,1,0
cus5486,1,1,0,0,1
cus5487,1,1,1,0,1
cus5488,1,0,0,0,0
cus5489,0,0,0,0,0
cus5490,1,0,1,1,1
cus5491,1,1,0,0,1
cus5492,0,0,0,0,0
cus5493,1,1,1,0,0
cus5494,1,1,0,0,1
cus5495,0,0,1,1,1
cus5496,0,0,1,0,0
cus5497,1,1,1,1,0
cus5498,1,1,0,0,0
cus5499,1,0,1,1,1
cus5500,0,0,1,0,0
cus5501,0,1,0,0,1
cus5502,1,1,1,1,0
cus5503,1,1,1,0,1
cus5504,1,1,0,1,0
cus5505,1,0,1,1,1
cus5506,0,0,0,0,0
cus5507,1,1,0,0,0
cus5508,1,0,1,1,1
cus5509,0,0,1,1,1
cus5510,1,1,0,0,0
cus5511,0,0,0,1,0
cus5512,1,1,0,0,0
cus5513,1,1,0,0,1
cus5514,1,1,0,0,0
cus5515,1,1,1,1,0
cus5516,1,0,1,1,1
cus5517,0,0,1,0,1
cus5518,0,0,0,0,0
cus5519,0,0,1,1,0
cus5520,1,1,0,0,0
cus5521,1,1,1,0,0
cus5522,1,1,0,0,0
cus5523,0,0,1,0,1
cus5524,1,1,1,1,1
cus5525,0,0,1,1,0
cus5526,1,1,0,1,1
cus5527,1,1,0,0,0
cus5528,0,1,1,0,0
cus5529,1,1,0,0,1
cus5530,1,1,1,1,0
cus5531,1,1,1,0,1
cus5532,1,1,1,0,0
cus5533,1,1,1,1,1
cus5534,0,1,1,1,1
cus5535,0,0,0,0,0
cus5536,1,1,1,1,1
cus5537,1,1,0,0,1
cus5538,1,1,1,1,1
cus5539,0,0,0,0,0
cus5540,1,0,0,1,0
cus5541,1,0,0,1,0
cus5542,1,1,0,0,1
cus5543,0,0,1,1,0
cus5544,1,0,1,1,1
cus5545,1,1,1,1,0
cus5546,1,1,1,1,1
cus5547,1,1,0,1,0
cus5548,0,0,0,0,1
cus5549,0,0,0,0,1
cus5550,1,1,0,0,0
cus5551,1,1,0,0,1
cus5552,1,1,1,0,1
cus5553,0,0,1,1,0
cus5554,0,0,1,1,1
cus5555,0,0,1,0,0
cus5556,1,1,0,0,1
cus5557,0,0,0,0,0
cus5558,0,1,0,0,0
cus5559,0,0,1,1,0
cus5560,0,0,0,0,0
cus5561,1,0,1,1,1
cus5562,1,1,1,1,1
cus5563,1,0,0,0,0
cus5564,0,0,1,0,0
cus5565,0,0,1,0,0
cus5566,0,0,1,1,1
cus5567,1,1,1,0,0
cus5568,0,1,1,0,1
cus5569,0,0,1,0,1
cus5570,0,1,1,0,0
cus5571,0,0,0,0,0
cus5572,0,0,0,0,1
cus5573,1,0,0,0,0
cus5574,1,1,1,1,0
cus5575,1,1,1,0,0
cus5576,1,0,0,1,0
cus5577,1,1,0,0,1
cus5578,1,1,1,1,1
cus5579,0,0,1,1,1
cus5580,1,1,1,1,0
cus5581,1,1,1,0,1
cus5582,1,1,1,1,0
cus5583,0,0,0,0,0
cus5584,0,0,0,0,1
cus5585,1,1,0,0,0
cus5586,1,1,1,0,1
cus5587,1,1,0,0,1
cus5588,0,0,1,0,1
cus5589,1,1,0,0,1
cus5590,0,0,1,1,1
cus5591,1,1,0,0,0
cus5592,1,1,1,1,1
cus5593,0,0,1,1,0
cus5594,1,1,1,0,0
cus5595,1,0,0,0,1
cus5596,0,0,1,1,0
cus5597,0,0,0,0,1
cus5598,1,1,0,0,0
cus5599,1,1,1,1,0
cus5600,1,0,1,1,1
cus5601,0,0,0,0,0
cus5602,1,1,0,0,1
cus5603,1,1,0,0,0
cus5604,1,1,0,0,1
cus5605,1,0,1,1,0
cus5606,0,0,1,1,0
cus5607,0,0,1,1,0
cus5608,1,1,0,0,0
cus5609,1,1,1,0,0
cus5610,1,1,1,1,0
cus5611,1,1,1,1,0
cus5612,1,1,0,1,0
cus5613,1,1,0,0,0
cus5614,1,1,0,0,0
cus5615,1,0,0,0,0
cus5616,1,1,1,1,0
cus5617,1,1,1,0,1
cus5618,0,1,0,0,0
cus5619,1,1,0,1,1
cus5620,1,1,1,1,1
cus5621,1,1,1,0,1
cus5622,0,0,1,1,1
cus5623,0,0,0,0,0
cus5624,1,1,0,0,0
cus5625,1,0,0,0,0
cus5626,1,1,0,1,0
cus5627,1,1,1,0,1
cus5628,1,1,1,1,1
cus5629,1,1,1,1,0
cus5630,1,0,0,1,0
cus5631,1,1,1,0,1
cus5632,1,1,0,0,1
cus5633,1,0,1,1,0
cus5634,1,1,0,0,1
cus5635,1,1,0,0,1
cus5636,0,0,1,1,1
cus5637,1,0,0,1,1
cus5638,1,0,0,0,0
cus5639,1,1,0,1,0
cus5640,1,1,0,0,0
cus5641,1,1,1,0,1
cus5642,0,0,1,1,0
cus5643,1,1,1,1,1
cus5644,1,1,0,1,0
cus5645,0,1,1,1,1
cus5646,0,0,0,1,1
cus5647,1,1,1,1,0
cus5648,1,0,1,0,1
cus5649,0,1,1,1,0
cus5650,0,0,0,0,1
cus5651,1,0,1,1,1
cus5652,1,1,1,1,1
cus5653,1,1,0,1,0
cus5654,1,1,1,0,0
cus5655,1,1,0,1,0
cus5656,1,1,0,1,0
cus5657,1,1,1,1,1
cus5658,0,0,1,0,1
cus5659,0,0,0,0,0
cus5660,1,1,1,1,1
cus5661,0,0,1,1,0
cus5662,0,0,1,0,0
cus5663,1,1,0,0,0
cus5664,1,1,0,0,0
cus5665,0,0,1,1,0
cus5666,0,0,1,1,1
cus5667,0,0,0,1,1
cus5668,0,0,0,0,0
cus5669,1,1,1,0,0
cus5670,1,1,0,1,1
cus5671,0,0,0,0,0
cus5672,1,1,1,1,0
cus5673,0,0,0,0,1
cus5674,0,0,1,1,0
cus5675,1,1,1,1,1
cus5676,1,0,0,0,0
cus5677,0,0,1,0,0
cus5678,1,1,1,1,1
cus5679,1,1,0,0,1
cus5680,1,1,0,1,1
cus5681,1,1,1,1,1
cus5682,1,0,1,1,0
cus5683,0,1,0,0,1
cus5684,1,1,1,1,0
cus5685,0,0,1,1,0
cus5686,0,0,0,0,0
cus5687,1,1,1,0,0
cus5688,0,1,1,1,0
cus5689,0,0,0,0,0
cus5690,1,0,0,0,0
cus5691,1,1,0,1,0
cus5692,0,1,1,1,1
cus5693,1,1,1,1,0
cus5694,1,1,0,0,1
cus5695,1,1,0,0,0
cus5696,1,1,0,0,1
cus5697,1,0,1,1,0
cus5698,1,1,1,1,1
cus5699,0,0,0,1,0
cus5700,0,0,0,1,1
cus5701,1,1,1,0,1
cus5702,1,1,1,1,0
cus5703,1,1,0,0,1
cus5704,1,1,1,1,1
cus5705,0,0,0,0,1
cus5706,1,1,1,1,1
cus5707,0,0,0,0,1
cus5708,1,1,0,0,0
cus5709,1,1,0,0,1
cus5710,1,0,0,0,0
cus5711,0,0,1,1,0
cus5712,1,1,1,1,1
cus5713,1,1,1,0,1
cus5714,0,0,1,1,1
cus5715,1,1,0,0,1
cus5716,0,0,0,0,0
cus5717,1,1,0,0,0
cus5718,1,1,1,1,1
cus5719,0,0,1,0,0
cus5720,1,1,0,0,0
cus5721,0,1,1,1,0
cus5722,0,0,0,0,1
cus5723,1,0,1,0,1
cus5724,1,1,0,0,0
cus5725,1,1,0,0,0
cus5726,1,1,0,0,1
cus5727,0,0,1,1,1
cus5728,0,0,1,0,1
cus5729,0,0,0,0,0
cus5730,1,0,0,0,1
cus5731,0,0,0,0,0
cus5732,0,0,0,1,0
cus5733,0,1,0,0,0
cus5734,1,1,0,0,0
cus5735,1,1,0,0,0
cus5736,1,1,1,0,1
cus5737,1,1,1,1,0
cus5738,1,1,0,0,1
cus5739,1,1,1,1,1
cus5740,1,1,0,0,0
cus5741,1,1,0,1,1
cus5742,1,1,0,0,0
cus5743,0,0,0,0,0
cus5744,1,1,0,1,1
cus5745,1,1,1,0,1
cus5746,1,1,1,1,0
cus5747,0,1,1,1,1
cus5748,1,1,0,1,0
cus5749,1,1,0,0,1
cus5750,1,1,1,1,1
cus5751,0,0,0,0,1
cus5752,0,0,1,1,0
cus5753,0,0,0,0,0
cus5754,1,1,1,1,1
cus5755,0,1,1,1,1
cus5756,0,0,1,0,0
cus5757,0,0,0,0,0
cus5758,1,1,0,0,0
cus5759,1,1,0,0,0
cus5760,1,1,0,1,0
cus5761,1,1,0,0,0
cus5762,1,1,0,0,0
cus5763,0,1,1,0,0
cus5764,0,0,0,0,0
cus5765,1,0,1,1,1
cus5766,0,0,0,1,1
cus5767,0,0,1,1,0
cus5768,1,1,0,0,1
cus5769,1,1,1,0,0
cus5770,1,0,1,1,0
cus5771,0,0,1,1,1
cus5772,0,0,1,1,1
cus5773,1,1,1,1,1
cus5774,0,0,0,0,0
cus5775,0,0,0,1,0
cus5776,0,0,0,0,0
cus5777,1,1,0,0,0
cus5778,1,0,1,0,1
cus5779,1,1,0,0,0
cus5780,1,1,0,0,0
cus5781,1,1,1,1,1
cus5782,0,0,0,0,0
cus5783,1,1,1,0,1
cus5784,1,1,1,1,0
cus5785,1,1,0,0,0
cus5786,0,0,1,0,1
cus5787,1,1,0,1,0
cus5788,0,0,1,1,1
cus5789,1,1,0,0,0
cus5790,0,0,1,1,0
cus5791,0,0,1,0,0
cus5792,1,0,1,1,1
cus5793,0,0,0,0,0
cus5794,0,0,0,0,0
cus5795,1,0,0,0,1
cus5796,1,1,0,0,0
cus5797,1,1,1,1,0
cus5798,0,0,1,1,1
cus5799,0,0,1,1,0
cus5800,0,0,0,1,0
cus5801,1,1,1,1,1
cus5802,0,0,0,0,1
cus5803,0,0,1,1,0
cus5804,1,1,0,0,1
cus5805,0,0,1,0,0
cus5806,1,0,0,0,0
cus5807,0,0,1,0,0
cus5808,0,0,1,1,0
cus5809,0,0,1,0,1
cus5810,1,1,1,1,1
cus5811,1,1,0,0,0
cus5812,1,1,1,1,0
cus5813,1,1,1,1,1
cus5814,1,1,0,0,0
cus5815,0,0,1,1,0
cus5816,1,1,1,0,0
cus5817,1,1,0,0,1
cus5818,1,0,1,1,1
cus5819,0,0,1,0,1
cus5820,1,0,0,1,0
cus5821,0,0,0,0,0
cus5822,1,1,0,0,1
cus5823,1,1,1,1,1
cus5824,1,1,1,1,0
cus5825,0,1,1,0,1
cus5826,0,0,1,1,1
cus5827,0,0,0,0,0
cus5828,0,0,1,1,0
cus5829,0,0,0,0,0
cus5830,0,0,0,0,0
cus5831,0,0,1,1,1
cus5832,1,1,0,1,0
cus5833,0,0,0,0,1
cus5834,1,1,0,0,0
cus5835,1,1,0,0,1
cus5836,1,1,1,1,1
cus5837,1,0,0,1,1
cus5838,1,1,0,0,1
cus5839,0,0,1,0,1
cus5840,1,0,1,1,0
cus5841,0,0,1,1,1
cus5842,1,1,0,1,1
cus5843,1,0,0,0,0
cus5844,1,1,0,1,1
cus5845,1,1,1,1,1
cus5846,1,1,0,1,0
cus5847,1,1,0,0,0
cus5848,1,1,1,1,1
cus5849,1,1,0,0,1
cus5850,0,0,1,1,0
cus5851,1,0,1,1,0
cus5852,0,1,0,0,0
cus5853,0,1,1,1,1
cus5854,1,0,1,1,0
cus5855,1,1,1,1,1
cus5856,0,0,0,0,0
cus5857,1,1,0,1,1
cus5858,0,0,1,0,0
cus5859,1,1,0,0,1
cus5860,0,0,1,1,1
cus5861,1,1,1,1,1
cus5862,0,0,0,0,1
cus5863,1,1,0,0,0
cus5864,1,1,0,1,0
cus5865,0,0,1,0,0
cus5866,1,1,0,0,0
cus5867,0,0,1,1,0
cus5868,1,1,1,0,0
cus5869,1,0,1,1,1
cus5870,1,1,0,0,0
cus5871,0,0,1,1,0
cus5872,0,0,1,0,0
cus5873,1,1,1,0,1
cus5874,1,1,1,1,0
cus5875,0,0,0,1,0
cus5876,1,1,0,1,0
cus5877,0,0,0,0,0
cus5878,1,1,0,0,0
cus5879,1,1,1,0,1
cus5880,1,1,1,1,1
cus5881,1,1,0,0,0
cus5882,1,1,0,0,0
cus5883,1,1,1,0,0
cus5884,0,0,0,1,0
cus5885,0,0,1,1,0
cus5886,0,1,1,1,1
cus5887,1,0,1,0,1
cus5888,0,0,1,1,1
cus5889,1,1,1,0,0
cus5890,1,0,0,1,1
cus5891,1,1,1,1,0
cus5892,0,0,0,0,0
cus5893,0,1,1,1,1
cus5894,1,1,0,0,1
cus5895,1,0,1,1,1
cus5896,0,0,0,0,0
cus5897,1,1,0,0,1
cus5898,1,0,0,0,0
cus5899,0,0,0,0,1
cus5900,1,1,1,1,1
cus5901,0,1,1,0,0
cus5902,1,1,0,0,0
cus5903,0,1,0,0,0
cus5904,0,0,1,0,0
cus5905,0,0,0,0,1
cus5906,1,0,0,0,0
cus5907,0,0,1,1,0
cus5908,0,0,1,0,0
cus5909,1,1,0,0,1
cus5910,1,1,0,1,0
cus5911,1,1,1,0,1
cus5912,0,0,0,0,1
cus5913,0,0,0,0,0
cus5914,1,1,1,1,1
cus5915,1,0,0,0,0
cus5916,0,0,0,1,0
cus5917,0,0,0,1,1
cus5918,0,0,1,1,0
cus5919,1,0,1,0,0
cus5920,1,1,1,0,1
cus5921,1,1,1,1,0
cus5922,0,0,0,0,0
cus5923,1,1,0,0,1
cus5924,1,1,0,0,0
cus5925,1,0,1,1,0
cus5926,1,1,0,0,0
cus5927,0,0,0,0,0
cus5928,0,0,1,1,0
cus5929,1,0,1,0,1
cus5930,1,1,1,1,0
cus5931,1,1,1,1,1
cus5932,1,0,0,0,0
cus5933,1,1,0,0,1
cus5934,1,1,0,0,1
cus5935,0,0,1,0,1
cus5936,1,1,0,0,0
cus5937,1,1,0,0,0
cus5938,1,0,0,0,0
cus5939,0,0,0,0,1
cus5940,0,0,1,0,0
cus5941,1,1,1,0,1
cus5942,0,0,0,0,1
cus5943,0,1,0,0,0
cus5944,0,1,1,1,0
cus5945,1,1,0,1,0
cus5946,0,0,1,1,0
cus5947,0,0,1,1,0
cus5948,0,1,1,0,0
cus5949,0,0,0,0,0
cus5950,0,0,1,0,1
cus5951,0,1,0,0,0
cus5952,1,0,1,1,1
cus5953,0,0,0,0,0
cus5954,0,0,0,0,1
cus5955,1,1,1,1,0
cus5956,0,0,0,0,1
cus5957,0,0,1,1,1
cus5958,1,1,0,0,0
cus5959,0,0,0,0,0
cus5960,0,0,1,0,0
cus5961,0,0,1,1,1
cus5962,0,0,1,0,1
cus5963,1,1,0,0,1
cus5964,0,0,1,1,1
cus5965,0,0,1,1,1
cus5966,1,1,1,0,1
cus5967,1,0,1,1,1
cus5968,1,1,1,0,0
cus5969,0,0,0,0,1
cus5970,1,1,1,1,1
cus5971,1,1,1,1,1
cus5972,1,1,1,0,1
cus5973,1,1,1,1,0
cus5974,0,1,0,0,1
cus5975,0,1,1,1,0
cus5976,0,0,0,0,1
cus5977,0,0,1,0,1
cus5978,1,1,1,0,1
cus5979,0,0,1,0,1
cus5980,0,0,1,1,0
cus5981,0,0,0,0,0
cus5982,1,1,1,1,1
cus5983,1,1,0,0,0
cus5984,1,0,1,1,1
cus5985,1,1,0,0,0
cus5986,1,1,0,0,0
cus5987,1,0,0,0,1
cus5988,1,0,0,1,1
cus5989,0,0,0,0,0
cus5990,1,1,1,0,1
cus5991,1,1,1,0,0
cus5992,0,1,0,0,0
cus5993,1,1,1,1,0
cus5994,1,1,0,1,1
cus5995,1,0,1,0,1
cus5996,1,1,0,0,0
cus5997,1,1,0,0,1
cus5998,0,0,1,1,1
cus5999,1,0,1,1,1
cus6000,0,0,1,1,1
cus6001,0,0,0,0,0
cus6002,0,0,1,0,1
cus6003,1,0,0,0,1
cus6004,0,1,1,0,1
cus6005,0,0,1,0,0
cus6006,1,1,0,0,1
cus6007,0,1,0,0,0
cus6008,1,0,1,1,1
cus6009,1,1,0,0,1
cus6010,0,0,0,0,0
cus6011,1,0,0,0,1
cus6012,0,0,1,1,0
cus6013,0,1,0,1,0
cus6014,1,1,1,1,0
cus6015,1,1,1,0,1
cus6016,1,1,1,1,1
cus6017,0,0,0,0,0
cus6018,1,1,0,0,1
cus6019,0,0,1,0,0
cus6020,0,0,1,0,0
cus6021,1,1,1,1,0
cus6022,1,1,1,1,1
cus6023,1,1,0,1,0
cus6024,1,1,1,1,1
cus6025,1,1,0,1,0
cus6026,0,0,1,0,1
cus6027,1,1,0,0,0
cus6028,1,0,0,0,0
cus6029,0,0,1,1,0
cus6030,1,0,1,1,1
cus6031,1,1,0,1,0
cus6032,0,0,1,1,0
cus6033,1,1,0,1,0
cus6034,0,0,0,0,0
cus6035,0,0,1,1,0
cus6036,1,1,0,0,0
cus6037,1,0,1,1,0
cus6038,1,1,1,0,0
cus6039,1,1,0,0,0
cus6040,0,0,0,0,0
cus6041,0,0,0,0,0
cus6042,1,1,0,1,0
cus6043,0,0,1,1,0
cus6044,1,1,1,1,1
cus6045,0,0,0,1,0
cus6046,1,0,0,0,1
cus6047,0,0,0,0,0
cus6048,1,1,1,1,1
cus6049,0,0,0,0,0
cus6050,0,0,1,1,0
cus6051,1,1,0,0,0
cus6052,0,0,1,1,0
cus6053,1,1,0,0,1
cus6054,1,1,1,0,1
cus6055,1,1,1,0,1
cus6056,0,0,0,0,1
cus6057,1,1,1,1,0
cus6058,1,1,0,0,0
cus6059,1,1,1,0,0
cus6060,0,0,0,0,0
cus6061,0,0,1,1,0
cus6062,1,1,0,0,1
cus6063,0,0,1,1,1
cus6064,1,1,1,1,0
cus6065,0,0,0,1,1
cus6066,0,0,0,1,1
cus6067,1,1,1,1,0
cus6068,1,1,0,0,0
cus6069,1,0,0,0,0
cus6070,1,1,0,0,0
cus6071,1,1,0,0,0
cus6072,0,0,1,0,1
cus6073,0,0,1,1,1
cus6074,1,1,0,0,0
cus6075,0,0,0,0,0
cus6076,0,0,0,0,1
cus6077,1,1,0,0,1
cus6078,1,1,0,0,0
cus6079,0,0,0,0,0
cus6080,0,0,0,0,0
cus6081,0,0,1,1,0
cus6082,1,1,1,1,0
cus6083,1,1,0,0,1
cus6084,1,1,0,0,0
cus6085,0,0,1,1,0
cus6086,0,0,0,0,1
cus6087,1,0,1,1,0
cus6088,0,0,0,1,1
cus6089,0,0,1,1,1
cus6090,0,0,1,1,0
cus6091,0,0,1,0,0
cus6092,1,1,0,0,0
cus6093,0,0,1,1,0
cus6094,0,0,1,1,0
cus6095,1,1,1,1,1
cus6096,0,0,0,1,0
cus6097,0,1,0,0,0
cus6098,0,0,0,1,1
cus6099,1,0,1,1,0
cus6100,1,1,1,1,1
cus6101,0,0,1,0,0
cus6102,1,1,1,1,0
cus6103,1,1,1,1,1
cus6104,1,1,0,1,1
cus6105,1,1,0,0,0
cus6106,1,1,1,1,1
cus6107,0,0,1,1,0
cus6108,1,1,1,1,1
cus6109,0,0,0,0,0
cus6110,1,1,0,1,0
cus6111,1,0,0,0,1
cus6112,1,1,0,1,0
cus6113,1,1,1,0,1
cus6114,1,0,1,1,0
cus6115,0,0,0,1,0
cus6116,0,1,1,0,0
cus6117,1,0,0,0,0
cus6118,1,0,0,0,0
cus6119,1,1,1,0,0
cus6120,1,1,0,0,1
cus6121,1,0,0,0,1
cus6122,0,0,0,0,1
cus6123,0,0,1,0,0
cus6124,0,0,1,1,1
cus6125,0,0,0,1,0
cus6126,1,1,1,0,1
cus6127,0,0,1,1,0
cus6128,0,0,1,1,1
cus6129,0,1,0,0,0
cus6130,1,1,1,1,1
cus6131,1,1,1,1,1
cus6132,1,1,1,0,1
cus6133,0,1,0,0,0
cus6134,0,1,1,1,1
cus6135,1,1,1,1,1
cus6136,0,0,0,0,0
cus6137,0,1,0,0,0
cus6138,0,0,0,1,0
cus6139,1,1,1,1,0
cus6140,1,0,1,1,0
cus6141,0,0,0,1,0
cus6142,0,0,0,0,0
cus6143,0,1,0,0,0
cus6144,0,0,1,0,0
cus6145,0,0,1,0,0
cus6146,1,1,1,1,1
cus6147,1,1,0,0,0
cus6148,0,0,1,1,0
cus6149,1,0,0,0,0
cus6150,0,1,1,0,1
cus6151,1,1,1,1,1
cus6152,0,0,0,0,1
cus6153,0,1,0,1,0
cus6154,0,0,1,1,0
cus6155,1,1,1,1,1
cus6156,1,1,0,0,1
cus6157,1,0,1,1,0
cus6158,1,1,0,0,0
cus6159,1,0,0,1,0
cus6160,0,0,0,0,0
cus6161,0,1,1,1,0
cus6162,1,1,1,0,0
cus6163,0,0,1,1,0
cus6164,1,1,0,0,1
cus6165,1,1,1,0,1
cus6166,1,1,0,0,0
cus6167,0,0,0,1,0
cus6168,1,0,0,0,0
cus6169,0,1,0,1,0
cus6170,1,1,1,1,1
cus6171,1,1,0,1,0
cus6172,1,1,1,1,1
cus6173,1,1,1,1,1
cus6174,1,1,1,1,1
cus6175,0,0,0,0,0
cus6176,1,1,1,0,0
cus6177,1,0,0,0,1
cus6178,1,0,0,0,1
cus6179,0,0,1,1,0
cus6180,0,0,1,1,0
cus6181,0,0,0,0,0
cus6182,0,0,0,1,0
cus6183,1,1,0,0,0
cus6184,1,1,1,1,0
cus6185,0,0,0,0,0
cus6186,0,0,1,0,0
cus6187,1,1,0,1,1
cus6188,1,1,0,0,1
cus6189,0,0,0,0,0
cus6190,0,1,1,1,1
cus6191,1,1,0,0,0
cus6192,1,1,0,0,0
cus6193,0,0,0,1,1
cus6194,0,0,1,1,1
cus6195,0,0,1,1,0
cus6196,0,0,0,0,0
cus6197,0,0,1,1,1
cus6198,1,1,1,1,0
cus6199,1,0,0,0,0
cus6200,0,0,1,1,0
cus6201,1,1,0,0,0
cus6202,1,1,1,0,1
cus6203,0,1,1,1,1
cus6204,0,1,1,1,0
cus6205,1,1,0,0,0
cus6206,0,1,0,0,0
cus6207,1,0,1,1,1
cus6208,1,1,1,0,0
cus6209,0,0,0,0,1
cus6210,0,0,1,1,0
cus6211,1,1,0,0,1
cus6212,0,0,0,0,0
cus6213,1,0,1,1,0
cus6214,0,1,0,0,0
cus6215,1,1,1,1,1
cus6216,1,1,0,0,0
cus6217,0,0,1,1,1
cus6218,0,0,1,1,0
cus6219,1,0,0,1,0
cus6220,1,0,1,1,1
cus6221,1,0,1,0,0
cus6222,0,0,1,1,0
cus6223,1,0,0,0,1
cus6224,0,0,0,0,1
cus6225,0,0,0,0,0
cus6226,0,0,1,1,0
cus6227,1,0,1,0,0
cus6228,0,0,0,0,0
cus6229,1,1,0,1,0
cus6230,1,0,0,0,1
cus6231,0,1,1,1,0
cus6232,1,1,1,1,0
cus6233,1,1,0,0,0
cus6234,0,1,1,1,0
cus6235,1,0,0,0,1
cus6236,1,1,1,0,0
cus6237,1,1,1,1,0
cus6238,1,0,0,0,1
cus6239,1,1,0,0,0
cus6240,0,0,0,0,0
cus6241,0,0,0,0,0
cus6242,0,0,1,1,0
cus6243,1,1,0,1,1
cus6244,1,1,1,1,1
cus6245,1,1,0,0,0
cus6246,1,1,1,0,1
cus6247,0,0,1,0,1
cus6248,1,1,1,1,0
cus6249,1,1,1,0,1
cus6250,0,0,1,1,1
cus6251,1,1,0,0,0
cus6252,1,0,1,1,1
cus6253,1,1,0,0,0
cus6254,0,0,1,1,1
cus6255,1,1,0,0,0
cus6256,0,0,0,0,0
cus6257,1,0,1,1,0
cus6258,0,0,0,0,1
cus6259,1,0,0,0,1
cus6260,1,1,1,1,1
cus6261,1,0,0,0,1
cus6262,1,1,1,1,1
cus6263,0,0,1,1,0
cus6264,0,0,0,1,1
cus6265,1,1,1,1,0
cus6266,0,0,1,1,1
cus6267,0,0,0,1,0
cus6268,1,1,1,0,1
cus6269,0,1,1,0,1
cus6270,1,1,1,1,0
cus6271,0,0,0,0,0
cus6272,0,0,1,0,1
cus6273,0,0,1,0,1
cus6274,0,0,0,1,1
cus6275,1,0,1,1,1
cus6276,1,0,1,1,0
cus6277,0,0,0,1,0
cus6278,0,0,0,0,0
cus6279,1,1,0,0,0
cus6280,0,0,1,1,0
cus6281,1,1,0,0,0
cus6282,1,1,0,0,1
cus6283,0,0,1,1,0
cus6284,1,1,0,1,1
cus6285,1,1,0,0,0
cus6286,1,0,1,0,1
cus6287,1,1,1,1,1
cus6288,1,1,1,1,1
cus6289,1,1,0,0,1
cus6290,1,1,0,0,1
cus6291,1,0,0,0,1
cus6292,0,0,0,0,0
cus6293,1,1,0,0,0
cus6294,0,0,0,0,0
cus6295,0,0,1,0,1
cus6296,1,1,1,1,0
cus6297,0,0,0,0,0
cus6298,1,1,1,0,1
cus6299,1,1,0,1,1
cus6300,0,0,1,1,1
cus6301,1,0,1,1,0
cus6302,0,0,1,0,1
cus6303,0,0,1,1,0
cus6304,1,0,1,1,0
cus6305,0,0,0,1,0
cus6306,0,0,0,0,1
cus6307,1,1,1,0,0
cus6308,1,1,0,0,0
cus6309,1,1,0,0,1
cus6310,0,0,0,0,1
cus6311,0,0,1,0,1
cus6312,1,1,1,1,1
cus6313,1,1,1,0,0
cus6314,1,1,0,0,1
cus6315,0,0,0,1,0
cus6316,1,0,1,1,0
cus6317,0,0,1,0,0
cus6318,1,1,0,0,0
cus6319,0,0,0,0,0
cus6320,0,1,1,1,0
cus6321,1,1,1,0,0
cus6322,0,0,1,1,1
cus6323,0,0,1,1,1
cus6324,1,1,1,1,1
cus6325,0,0,0,0,0
cus6326,1,1,1,1,0
cus6327,1,0,1,0,0
cus6328,0,0,1,0,1
cus6329,0,0,1,0,1
cus6330,1,1,0,0,0
cus6331,0,1,0,0,0
cus6332,1,1,1,1,1
cus6333,1,1,1,0,0
cus6334,1,1,0,0,0
cus6335,1,0,1,1,0
cus6336,0,0,0,1,0
cus6337,1,1,0,0,1
cus6338,1,1,0,1,0
cus6339,1,1,1,1,1
cus6340,1,1,0,1,0
cus6341,1,1,1,1,1
cus6342,0,1,1,1,1
cus6343,1,0,1,0,1
cus6344,1,1,1,1,1
cus6345,1,0,1,0,1
cus6346,0,0,1,0,1
cus6347,0,0,1,0,0
cus6348,0,0,1,1,0
cus6349,1,1,1,0,1
cus6350,0,0,1,0,0
cus6351,1,1,1,0,1
cus6352,1,1,1,1,0
cus6353,0,0,1,0,0
cus6354,1,1,1,0,0
cus6355,0,0,0,1,0
cus6356,0,1,1,0,0
cus6357,0,0,0,1,0
cus6358,0,0,1,0,1
cus6359,0,0,1,1,1
cus6360,0,0,1,1,0
cus6361,1,1,1,1,1
cus6362,0,0,0,0,0
cus6363,1,0,1,1,0
cus6364,1,1,0,0,1
cus6365,1,0,1,0,0
cus6366,1,0,1,1,0
cus6367,1,1,0,0,0
cus6368,0,0,0,0,0
cus6369,1,1,0,1,0
cus6370,1,1,0,1,0
cus6371,0,0,1,0,0
cus6372,1,1,0,0,0
cus6373,1,1,1,1,1
cus6374,1,1,1,1,0
cus6375,1,0,0,0,1
cus6376,0,0,1,0,1
cus6377,1,1,1,0,0
cus6378,0,1,1,1,0
cus6379,1,1,1,0,0
cus6380,0,0,1,1,0
cus6381,0,0,0,0,0
cus6382,1,0,1,1,1
cus6383,0,0,1,1,0
cus6384,1,1,1,1,0
cus6385,1,1,1,0,1
cus6386,1,0,0,0,1
cus6387,1,1,1,1,0
cus6388,0,0,0,0,0
cus6389,1,0,1,1,1
cus6390,1,1,1,1,0
cus6391,1,1,1,0,1
cus6392,1,1,0,0,1
cus6393,0,0,0,0,0
cus6394,1,1,0,0,0
cus6395,0,1,1,1,0
cus6396,1,1,1,1,0
cus6397,0,0,0,0,0
cus6398,0,0,0,0,0
cus6399,0,0,0,0,0
cus6400,0,0,0,1,1
cus6401,1,1,1,0,0
cus6402,1,1,0,0,0
cus6403,1,1,1,1,0
cus6404,1,0,1,0,1
cus6405,1,1,1,0,1
cus6406,0,1,1,0,0
cus6407,1,0,0,0,0
cus6408,1,1,0,0,1
cus6409,1,0,0,0,0
cus6410,1,1,0,0,0
cus6411,0,0,0,0,0
cus6412,1,1,0,0,1
cus6413,1,1,0,1,1
cus6414,1,0,1,1,0
cus6415,1,1,0,0,1
cus6416,1,1,0,1,0
cus6417,0,0,0,0,0
cus6418,1,1,0,0,0
cus6419,0,0,0,0,0
cus6420,1,1,1,1,1
cus6421,0,0,0,1,1
cus6422,1,1,0,0,1
cus6423,1,1,0,1,0
cus6424,0,0,1,1,1
cus6425,0,1,1,1,0
cus6426,0,0,1,1,1
cus6427,1,1,1,1,1
cus6428,1,1,1,0,1
cus6429,0,0,1,0,0
cus6430,1,0,1,1,0
cus6431,1,1,0,0,0
cus6432,0,0,1,1,0
cus6433,1,1,1,1,0
cus6434,1,1,0,0,0
cus6435,1,1,1,1,0
cus6436,1,0,0,0,0
cus6437,0,0,0,1,0
cus6438,1,1,0,0,0
cus6439,1,1,1,1,1
cus6440,1,0,1,1,0
cus6441,0,0,0,1,1
cus6442,0,0,1,1,1
cus6443,1,0,0,0,0
cus6444,0,1,0,0,1
cus6445,0,0,1,1,0
cus6446,1,1,1,0,1
cus6447,1,1,0,1,1
cus6448,1,1,1,1,0
cus6449,0,0,1,0,1
cus6450,0,0,0,0,0
cus6451,1,1,0,0,1
cus6452,0,0,1,1,0
cus6453,1,1,1,0,1
cus6454,1,0,0,0,0
cus6455,0,0,0,0,1
cus6456,1,1,0,1,1
cus6457,1,1,0,0,1
cus6458,1,1,0,0,0
cus6459,0,0,0,0,1
cus6460,1,1,1,1,1
cus6461,1,1,0,0,0
cus6462,0,0,0,0,0
cus6463,1,0,0,0,1
cus6464,1,1,1,1,1
cus6465,0,0,0,1,0
cus6466,0,0,1,0,0
cus6467,0,0,0,0,0
cus6468,0,0,0,0,1
cus6469,0,0,1,1,0
cus6470,1,1,1,0,1
cus6471,1,0,0,1,1
cus6472,0,0,1,1,0
cus6473,0,0,1,1,1
cus6474,1,1,0,1,0
cus6475,0,0,0,0,0
cus6476,1,1,0,0,1
cus6477,0,1,0,0,0
cus6478,1,0,1,0,1
cus6479,0,0,0,0,0
cus6480,1,0,1,1,1
cus6481,1,1,1,1,0
cus6482,0,0,0,0,0
cus6483,0,0,1,0,0
cus6484,1,1,0,0,0
cus6485,0,0,1,0,0
cus6486,0,0,0,0,1
cus6487,0,0,0,1,1
cus6488,1,1,0,0,1
cus6489,1,1,1,0,0
cus6490,1,1,1,1,0
cus6491,0,0,0,0,1
cus6492,1,0,0,0,1
cus6493,0,1,1,1,0
cus6494,0,0,1,1,1
cus6495,1,1,0,0,0
cus6496,1,1,1,0,1
cus6497,1,0,1,0,1
cus6498,0,0,0,1,1
cus6499,0,0,0,0,1
cus6500,0,0,1,0,0
cus6501,1,1,0,1,0
cus6502,1,1,0,0,1
cus6503,1,1,0,0,0
cus6504,0,0,0,0,0
cus6505,1,1,0,0,1
cus6506,0,0,1,1,1
cus6507,0,1,1,0,0
cus6508,1,1,1,0,0
cus6509,0,1,1,1,0
cus6510,1,1,0,1,0
cus6511,1,0,1,1,1
cus6512,0,0,1,1,0
cus6513,1,0,0,0,0
cus6514,1,1,1,1,0
cus6515,1,0,0,0,1
cus6516,1,1,1,1,0
cus6517,0,0,1,0,1
cus6518,1,0,0,0,1
cus6519,1,1,0,0,1
cus6520,0,0,0,1,0
cus6521,0,0,1,1,0
cus6522,1,1,1,1,0
cus6523,1,1,1,1,0
cus6524,0,0,1,1,0
cus6525,1,0,1,0,0
cus6526,1,0,1,1,1
cus6527,0,0,0,1,1
cus6528,0,0,0,0,0
cus6529,1,1,0,0,0
cus6530,0,0,1,0,1
cus6531,1,1,1,1,1
cus6532,0,0,1,1,1
cus6533,0,0,1,1,0
cus6534,0,0,0,0,0
cus6535,1,1,0,0,1
cus6536,0,1,1,0,0
cus6537,0,0,1,1,0
cus6538,0,1,1,1,0
cus6539,1,0,0,0,0
cus6540,1,1,0,0,1
cus6541,0,0,0,0,1
cus6542,1,0,0,0,1
cus6543,0,1,1,1,0
cus6544,1,1,0,1,0
cus6545,1,1,1,1,1
cus6546,1,1,0,1,1
cus6547,1,1,0,0,0
cus6548,0,0,1,0,1
cus6549,1,1,0,0,1
cus6550,0,0,0,0,0
cus6551,1,0,0,0,0
cus6552,1,0,0,0,0
cus6553,1,1,1,0,1
cus6554,1,0,0,0,0
cus6555,0,0,1,0,0
cus6556,0,0,0,0,0
cus6557,1,1,1,1,0
cus6558,0,0,1,1,0
cus6559,1,1,1,0,0
cus6560,0,0,1,0,1
cus6561,1,1,1,1,1
cus6562,1,1,0,1,1
cus6563,1,1,0,0,0
cus6564,1,1,1,0,0
cus6565,1,1,1,1,0
cus6566,0,0,1,1,0
cus6567,0,0,0,0,1
cus6568,1,1,0,1,0
cus6569,1,1,0,0,0
cus6570,1,1,0,0,1
cus6571,1,1,1,0,0
cus6572,0,0,1,1,0
cus6573,0,0,0,1,0
cus6574,1,1,0,1,0
cus6575,1,0,0,0,1
cus6576,0,0,1,1,1
cus6577,1,1,0,0,0
cus6578,0,0,1,1,1
cus6579,1,1,0,0,1
cus6580,1,1,0,0,1
cus6581,1,1,1,1,0
cus6582,1,1,1,0,0
cus6583,1,1,1,1,1
cus6584,1,1,0,0,1
cus6585,0,0,1,1,1
cus6586,1,0,1,1,0
cus6587,0,0,0,0,0
cus6588,0,0,0,0,0
cus6589,0,0,0,0,1
cus6590,0,0,0,0,1
cus6591,1,0,0,0,0
cus6592,0,0,0,1,0
cus6593,0,0,0,0,0
cus6594,0,0,0,0,0
cus6595,0,0,1,1,0
cus6596,0,0,0,0,0
cus6597,1,1,0,0,0
cus6598,0,0,0,1,1
cus6599,1,0,1,1,1
cus6600,0,0,1,0,1
cus6601,1,1,0,0,0
cus6602,0,0,0,0,1
cus6603,0,0,1,1,0
cus6604,1,1,1,1,1
cus6605,0,0,0,0,1
cus6606,0,0,1,1,0
cus6607,1,1,0,0,0
cus6608,0,0,1,1,1
cus6609,0,1,0,0,0
cus6610,0,0,1,0,1
cus6611,0,0,1,1,0
cus6612,0,0,1,1,0
cus6613,1,1,0,0,0
cus6614,1,1,0,0,0
cus6615,1,1,1,1,1
cus6616,1,1,1,1,0
cus6617,0,0,1,1,1
cus6618,1,1,1,0,0
cus6619,0,1,1,1,1
cus6620,0,0,0,0,1
cus6621,1,1,0,0,0
cus6622,1,1,0,1,0
cus6623,1,1,1,0,1
cus6624,1,1,0,1,0
cus6625,0,0,1,1,1
cus6626,0,0,0,0,0
cus6627,1,1,1,1,1
cus6628,0,0,0,0,0
cus6629,0,0,0,0,0
cus6630,1,1,0,0,0
cus6631,1,1,1,1,0
cus6632,1,1,0,0,0
cus6633,1,1,0,0,0
cus6634,1,1,0,0,1
cus6635,0,0,0,1,0
cus6636,1,1,1,0,1
cus6637,1,1,1,1,1
cus6638,0,0,0,0,0
cus6639,1,0,1,0,1
cus6640,0,0,1,1,0
cus6641,0,1,0,0,1
cus6642,1,0,0,0,0
cus6643,1,1,0,0,0
cus6644,0,0,1,1,0
cus6645,1,0,1,1,1
cus6646,0,0,0,0,1
cus6647,1,1,1,0,1
cus6648,1,1,1,1,0
cus6649,0,0,1,1,1
cus6650,1,0,0,0,1
cus6651,1,1,1,1,1
cus6652,0,0,1,0,0
cus6653,1,0,1,0,1
cus6654,1,1,0,1,1
cus6655,1,1,0,0,0
cus6656,0,0,0,0,1
cus6657,1,0,0,0,1
cus6658,0,0,1,1,1
cus6659,0,0,0,0,0
cus6660,1,1,1,0,1
cus6661,1,1,1,0,1
cus6662,0,0,0,0,0
cus6663,0,1,0,0,1
cus6664,1,1,1,1,0
cus6665,0,0,1,1,0
cus6666,0,0,1,1,0
cus6667,0,0,0,1,0
cus6668,1,1,0,0,1
cus6669,1,1,1,1,1
cus6670,0,1,0,0,0
cus6671,1,1,0,1,0
cus6672,0,1,0,0,1
cus6673,1,0,0,0,0
cus6674,1,1,0,0,1
cus6675,0,0,0,0,1
cus6676,0,0,1,0,1
cus6677,1,1,1,0,0
cus6678,1,0,0,1,0
cus6679,0,0,0,1,0
cus6680,0,0,1,1,0
cus6681,1,1,1,1,1
cus6682,0,1,0,0,0
cus6683,0,0,1,1,1
cus6684,1,1,0,0,0
cus6685,0,0,0,0,1
cus6686,0,0,1,1,0
cus6687,1,0,0,0,0
cus6688,0,0,0,0,0
cus6689,0,0,1,0,0
cus6690,0,0,0,0,0
cus6691,0,0,1,0,1
cus6692,1,1,0,1,1
cus6693,1,1,0,0,0
cus6694,1,1,1,1,0
cus6695,1,0,0,1,1
cus6696,0,0,1,1,0
cus6697,0,1,1,1,1
cus6698,1,0,1,1,1
cus6699,1,0,1,1,1
cus6700,1,0,1,1,1
cus6701,0,0,0,0,0
cus6702,1,1,0,0,1
cus6703,1,1,1,1,1
cus6704,0,0,1,1,0
cus6705,0,1,1,0,0
cus6706,0,0,0,0,0
cus6707,0,0,0,0,1
cus6708,0,1,1,1,0
cus6709,0,0,1,1,0
cus6710,0,0,0,0,0
cus6711,1,1,0,0,0
cus6712,1,1,1,0,1
cus6713,0,0,0,0,0
cus6714,1,0,1,0,0
cus6715,0,1,0,1,0
cus6716,1,1,0,1,0
cus6717,1,1,0,1,0
cus6718,0,0,0,0,1
cus6719,1,1,1,1,1
cus6720,0,0,1,1,0
cus6721,0,0,0,0,1
cus6722,1,1,0,0,0
cus6723,0,0,1,1,0
cus6724,1,1,1,1,1
cus6725,1,1,1,1,1
cus6726,0,1,1,0,1
cus6727,1,1,0,0,1
cus6728,0,0,0,1,0
cus6729,1,1,1,0,0
cus6730,1,1,0,0,1
cus6731,1,1,1,0,0
cus6732,0,0,0,0,0
cus6733,1,1,0,0,0
cus6734,1,1,1,0,0
cus6735,1,1,0,1,0
cus6736,0,0,0,1,1
cus6737,0,1,1,0,0
cus6738,0,1,1,0,0
cus6739,0,0,0,0,0
cus6740,0,0,1,0,1
cus6741,0,1,1,0,1
cus6742,1,1,0,0,0
cus6743,0,0,1,1,0
cus6744,0,0,1,1,0
cus6745,1,1,0,0,1
cus6746,0,1,1,0,1
cus6747,1,1,0,0,0
cus6748,0,0,1,1,0
cus6749,1,0,1,0,0
cus6750,1,1,1,1,1
cus6751,0,0,1,0,1
cus6752,1,0,1,1,0
cus6753,1,1,1,0,1
cus6754,1,1,1,0,1
cus6755,0,0,1,1,1
cus6756,1,1,0,1,0
cus6757,0,1,1,0,1
cus6758,0,0,1,0,1
cus6759,1,1,1,1,1
cus6760,0,0,1,1,1
cus6761,1,1,1,1,1
cus6762,0,0,1,0,0
cus6763,0,0,0,0,0
cus6764,1,1,0,0,0
cus6765,0,0,0,0,1
cus6766,1,1,1,0,1
cus6767,1,1,0,0,0
cus6768,1,1,1,1,0
cus6769,1,1,0,0,1
cus6770,1,1,1,1,0
cus6771,0,0,1,0,1
cus6772,1,1,1,1,0
cus6773,1,1,1,0,1
cus6774,1,1,0,0,1
cus6775,1,1,0,0,1
cus6776,0,0,1,1,0
cus6777,0,1,1,1,0
cus6778,0,0,1,1,0
cus6779,1,1,0,0,0
cus6780,1,0,0,0,1
cus6781,1,1,0,0,0
cus6782,1,1,0,0,0
cus6783,0,0,1,0,1
cus6784,0,0,1,0,1
cus6785,0,1,0,0,0
cus6786,0,0,0,0,0
cus6787,1,1,0,1,1
cus6788,1,1,0,0,0
cus6789,1,0,0,0,0
cus6790,1,1,1,1,1
cus6791,0,0,0,0,0
cus6792,1,1,1,0,1
cus6793,1,1,0,0,0
cus6794,0,0,1,1,0
cus6795,1,1,1,1,0
cus6796,0,1,1,1,0
cus6797,0,0,1,1,0
cus6798,0,0,0,1,0
cus6799,1,1,0,0,0
cus6800,0,0,1,0,0
cus6801,1,1,0,0,1
cus6802,0,0,1,0,1
cus6803,1,1,0,1,0
cus6804,1,0,0,0,0
cus6805,0,0,1,1,0
cus6806,1,1,0,0,0
cus6807,1,1,1,1,1
cus6808,1,1,0,0,1
cus6809,0,0,0,0,0
cus6810,0,0,1,1,0
cus6811,0,0,0,0,0
cus6812,0,0,1,0,0
cus6813,1,0,0,1,0
cus6814,0,0,0,1,0
cus6815,0,0,1,1,0
cus6816,1,1,1,1,1
cus6817,0,0,0,0,0
cus6818,0,0,1,1,0
cus6819,1,1,0,0,0
cus6820,1,0,0,0,1
cus6821,1,1,0,0,1
cus6822,0,0,0,1,0
cus6823,1,0,0,1,0
cus6824,1,0,1,1,0
cus6825,1,1,1,1,0
cus6826,1,0,1,1,1
cus6827,0,0,1,0,0
cus6828,1,1,1,1,1
cus6829,1,1,1,1,0
cus6830,1,0,0,0,1
cus6831,0,0,0,1,0
cus6832,1,1,0,1,0
cus6833,0,0,0,0,1
cus6834,1,1,1,0,1
cus6835,1,1,1,0,1
cus6836,1,1,1,1,0
cus6837,1,1,0,0,0
cus6838,0,0,0,1,0
cus6839,0,0,1,1,1
cus6840,0,0,0,0,1
cus6841,1,1,0,0,0
cus6842,1,1,0,0,1
cus6843,1,1,0,0,0
cus6844,0,0,1,0,0
cus6845,0,0,1,1,0
cus6846,1,0,1,1,1
cus6847,0,0,1,1,0
cus6848,1,1,1,1,1
cus6849,1,1,1,1,0
cus6850,1,1,1,0,0
cus6851,1,0,1,1,1
cus6852,1,1,1,1,0
cus6853,1,1,1,1,1
cus6854,1,1,1,0,1
cus6855,1,1,0,0,1
cus6856,1,1,1,1,0
cus6857,1,1,0,0,0
cus6858,1,1,1,1,0
cus6859,0,0,0,0,0
cus6860,0,0,0,0,0
cus6861,0,0,1,0,0
cus6862,1,1,0,1,0
cus6863,1,1,1,1,0
cus6864,1,1,1,1,1
cus6865,0,1,0,0,0
cus6866,1,0,0,0,1
cus6867,0,1,1,1,0
cus6868,0,0,0,0,0
cus6869,1,1,1,1,0
cus6870,1,1,0,0,1
cus6871,1,1,0,1,0
cus6872,0,0,0,0,0
cus6873,1,1,1,0,0
cus6874,1,1,1,0,0
cus6875,1,1,1,1,1
cus6876,0,1,1,1,1
cus6877,0,0,0,0,0
cus6878,1,1,1,1,0
cus6879,0,0,1,1,1
cus6880,0,0,0,1,0
cus6881,1,1,1,1,1
cus6882,1,1,0,1,1
cus6883,0,0,1,0,1
cus6884,1,1,1,1,1
cus6885,1,0,1,0,1
cus6886,1,1,0,0,1
cus6887,1,0,0,0,0
cus6888,0,1,0,0,0
cus6889,1,1,0,0,0
cus6890,0,0,1,1,0
cus6891,0,1,0,1,1
cus6892,0,0,0,0,1
cus6893,1,0,0,0,0
cus6894,0,0,0,0,1
cus6895,0,0,1,1,0
cus6896,1,1,1,1,0
cus6897,1,1,0,0,0
cus6898,1,1,0,1,0
cus6899,1,1,1,1,0
cus6900,0,0,0,0,1
cus6901,1,1,0,0,0
cus6902,0,0,0,0,0
cus6903,1,1,0,0,0
cus6904,0,0,1,0,1
cus6905,1,0,0,0,0
cus6906,1,1,0,1,1
cus6907,0,0,1,1,1
cus6908,0,1,0,0,0
cus6909,0,0,0,1,0
cus6910,0,0,0,1,1
cus6911,1,0,0,0,1
cus6912,1,1,1,0,0
cus6913,0,0,0,0,0
cus6914,1,1,0,0,0
cus6915,0,1,0,0,0
cus6916,0,0,1,1,0
cus6917,0,1,0,0,1
cus6918,1,1,1,1,1
cus6919,1,1,0,0,0
cus6920,0,0,0,0,0
cus6921,0,0,1,0,1
cus6922,1,1,0,0,0
cus6923,0,0,0,0,0
cus6924,1,1,1,0,0
cus6925,1,1,0,0,0
cus6926,1,1,0,0,1
cus6927,1,1,0,0,0
cus6928,0,0,0,1,0
cus6929,0,0,0,0,0
cus6930,1,0,1,0,1
cus6931,1,1,1,1,0
cus6932,0,0,0,0,0
cus6933,0,1,1,1,1
cus6934,1,1,0,0,0
cus6935,1,1,0,1,0
cus6936,1,1,1,1,1
cus6937,1,1,0,1,0
cus6938,1,1,1,1,1
cus6939,1,1,1,0,0
cus6940,1,1,0,0,0
cus6941,1,1,0,0,1
cus6942,0,0,1,1,1
cus6943,0,0,0,0,1
cus6944,1,1,0,0,0
cus6945,1,1,0,0,0
cus6946,0,1,1,0,1
cus6947,0,0,0,0,0
cus6948,1,1,1,1,1
cus6949,1,0,1,1,0
cus6950,1,1,1,0,1
cus6951,1,1,1,0,1
cus6952,0,0,0,0,0
cus6953,1,1,1,1,1
cus6954,1,1,0,0,0
cus6955,1,1,1,1,1
cus6956,0,0,0,0,0
cus6957,1,0,1,1,1
cus6958,1,1,1,0,1
cus6959,1,1,0,1,0
cus6960,1,1,1,0,1
cus6961,1,1,1,1,0
cus6962,0,0,0,0,1
cus6963,1,1,1,0,0
cus6964,1,0,1,0,1
cus6965,1,1,0,0,1
cus6966,0,0,0,0,0
cus6967,0,0,0,0,1
cus6968,1,1,0,0,0
cus6969,0,0,0,1,0
cus6970,0,0,0,0,0
cus6971,1,1,1,1,1
cus6972,1,1,0,0,0
cus6973,0,0,1,1,0
cus6974,1,1,1,1,0
cus6975,1,1,0,0,0
cus6976,1,1,1,1,1
cus6977,0,0,0,0,0
cus6978,0,0,0,1,1
cus6979,0,0,0,0,0
cus6980,1,1,1,0,1
cus6981,0,0,0,0,0
cus6982,1,0,1,1,1
cus6983,0,0,0,0,0
cus6984,1,0,0,0,0
cus6985,1,1,0,1,1
cus6986,0,0,1,1,0
cus6987,0,0,1,0,0
cus6988,1,0,0,0,0
cus6989,0,0,0,0,0
cus6990,1,1,1,0,0
cus6991,1,1,1,0,0
cus6992,1,1,1,1,0
cus6993,1,1,0,0,0
cus6994,0,0,0,0,0
cus6995,0,0,1,1,0
cus6996,0,0,1,1,0
cus6997,1,1,0,1,1
cus6998,1,1,0,0,0
cus6999,1,0,1,1,1
cus7000,1,1,0,0,0
cus7001,0,1,0,1,0
cus7002,1,0,0,0,0
cus7003,0,0,0,0,1
cus7004,0,0,1,1,0
cus7005,0,0,1,1,1
cus7006,0,1,1,0,0
cus7007,0,1,0,0,0
cus7008,1,1,1,1,0
cus7009,0,0,1,0,1
cus7010,1,1,1,1,1
cus7011,0,0,1,1,1
cus7012,1,1,1,0,0
cus7013,1,0,0,0,1
cus7014,0,0,1,1,0
cus7015,0,0,1,0,0
cus7016,1,1,1,1,1
cus7017,0,0,0,0,1
cus7018,0,0,1,0,0
cus7019,0,1,0,0,0
cus7020,0,0,1,1,1
cus7021,0,1,1,1,0
cus7022,1,0,0,0,1
cus7023,1,1,1,0,1
cus7024,1,1,1,1,1
cus7025,0,0,0,0,1
cus7026,0,0,0,0,1
cus7027,0,0,0,0,1
cus7028,0,0,1,1,0
cus7029,1,0,1,0,1
cus7030,1,0,0,0,1
cus7031,0,0,0,0,1
cus7032,0,0,0,0,0
cus7033,0,0,0,0,0
cus7034,0,0,1,1,0
cus7035,1,1,1,1,1
cus7036,0,0,0,0,0
cus7037,0,0,1,0,0
cus7038,0,1,0,0,0
cus7039,0,0,1,1,1
cus7040,1,1,0,0,0
cus7041,0,0,1,1,1
cus7042,1,1,1,0,1
cus7043,1,0,1,1,1
cus7044,0,0,0,0,0
cus7045,0,0,0,0,0
cus7046,1,0,0,0,0
cus7047,0,0,1,1,1
cus7048,1,0,1,1,0
cus7049,0,0,0,0,0
cus7050,1,1,0,0,0
cus7051,0,1,1,1,1
cus7052,0,0,1,1,1
cus7053,0,0,0,0,0
cus7054,1,0,0,0,0
cus7055,1,1,1,1,1
cus7056,1,1,0,0,1
cus7057,1,1,0,0,0
cus7058,0,0,1,1,0
cus7059,1,1,0,1,0
cus7060,1,0,0,1,1
cus7061,1,0,0,0,1
cus7062,0,0,0,1,0
cus7063,1,1,1,1,0
cus7064,1,1,1,1,1
cus7065,1,1,0,0,1
cus7066,1,1,0,0,0
cus7067,1,1,1,0,1
cus7068,0,0,0,1,0
cus7069,1,0,1,1,1
cus7070,0,0,1,1,1
cus7071,0,0,0,0,0
cus7072,1,1,0,0,1
cus7073,1,0,1,0,1
cus7074,1,1,1,1,0
cus7075,0,0,0,0,1
cus7076,0,0,1,0,1
cus7077,0,0,1,1,0
cus7078,1,1,1,1,0
cus7079,0,0,0,1,0
cus7080,1,1,0,0,0
cus7081,1,0,1,1,1
cus7082,1,1,0,0,1
cus7083,1,1,1,1,1
cus7084,0,1,0,0,1
cus7085,0,0,0,0,0
cus7086,0,0,1,1,1
cus7087,0,0,0,1,0
cus7088,0,1,0,0,0
cus7089,0,0,0,0,0
cus7090,0,0,1,1,0
cus7091,1,1,0,0,1
cus7092,1,1,0,0,1
cus7093,1,1,0,0,0
cus7094,1,1,1,0,1
cus7095,0,0,1,1,0
cus7096,1,1,0,0,1
cus7097,1,1,0,0,1
cus7098,0,1,1,0,1
cus7099,0,0,1,1,0
cus7100,0,0,1,1,0
cus7101,1,1,0,0,1
cus7102,0,0,1,1,1
cus7103,1,1,0,0,0
cus7104,0,0,0,0,0
cus7105,1,1,0,1,0
cus7106,0,0,0,0,1
cus7107,0,0,0,1,1
cus7108,1,1,1,1,1
cus7109,1,1,1,0,1
cus7110,1,0,1,0,1
cus7111,1,1,0,0,1
cus7112,0,0,1,1,0
cus7113,1,1,0,0,1
cus7114,0,0,0,0,0
cus7115,0,1,1,1,1
cus7116,1,0,1,1,1
cus7117,0,0,1,0,0
cus7118,0,0,1,0,1
cus7119,1,1,1,1,1
cus7120,0,0,0,0,0
cus7121,1,1,0,0,1
cus7122,1,1,1,1,0
cus7123,1,1,1,1,0
cus7124,0,0,1,0,1
cus7125,0,0,0,1,1
cus7126,0,1,1,0,0
cus7127,1,1,0,0,1
cus7128,0,0,1,1,0
cus7129,0,0,0,0,0
cus7130,1,1,0,1,1
cus7131,1,1,1,0,1
cus7132,0,0,0,1,0
cus7133,0,0,1,1,1
cus7134,1,1,1,0,0
cus7135,1,1,0,0,1
cus7136,1,1,1,1,1
cus7137,0,0,1,1,0
cus7138,1,1,1,1,1
cus7139,1,1,0,0,0
cus7140,1,1,0,0,0
cus7141,1,1,0,0,1
cus7142,1,1,1,0,1
cus7143,1,1,0,0,1
cus7144,1,1,1,0,1
cus7145,1,0,1,1,1
cus7146,0,0,1,1,0
cus7147,1,1,0,0,0
cus7148,1,0,1,1,0
cus7149,1,1,0,0,1
cus7150,0,0,0,0,1
cus7151,0,0,0,0,0
cus7152,0,0,0,0,0
cus7153,1,1,1,0,1
cus7154,0,0,1,1,0
cus7155,0,0,1,1,0
cus7156,1,1,1,0,1
cus7157,0,0,0,1,1
cus7158,1,0,0,0,1
cus7159,1,1,1,0,1
cus7160,0,0,0,0,1
cus7161,0,1,1,1,0
cus7162,1,1,0,0,0
cus7163,1,1,0,0,0
cus7164,0,0,0,0,0
cus7165,1,1,1,1,1
cus7166,0,0,1,1,1
cus7167,0,0,0,1,0
cus7168,1,0,1,0,0
cus7169,1,1,0,1,0
cus7170,0,0,0,0,0
cus7171,1,1,0,0,0
cus7172,0,0,1,0,0
cus7173,1,1,1,0,0
cus7174,1,1,1,0,0
cus7175,0,0,0,0,0
cus7176,1,1,0,0,0
cus7177,1,1,0,0,0
cus7178,0,0,0,0,1
cus7179,1,1,0,1,0
cus7180,1,1,0,0,0
cus7181,1,1,1,1,0
cus7182,1,1,0,0,0
cus7183,1,1,0,0,1
cus7184,1,1,1,1,1
cus7185,1,1,1,1,1
cus7186,0,1,0,0,0
cus7187,1,1,0,0,1
cus7188,0,0,1,0,1
cus7189,0,1,0,0,0
cus7190,1,1,1,1,1
cus7191,1,1,0,0,0
cus7192,1,1,0,0,0
cus7193,1,1,1,1,0
cus7194,1,0,0,0,0
cus7195,1,0,1,0,1
cus7196,1,1,1,0,0
cus7197,1,1,0,0,0
cus7198,1,1,0,0,0
cus7199,0,0,0,0,0
cus7200,1,1,0,0,0
cus7201,0,0,1,1,0
cus7202,1,0,0,0,1
cus7203,1,1,1,0,0
cus7204,1,0,0,0,1
cus7205,1,1,1,1,0
cus7206,1,0,0,1,0
cus7207,0,0,1,0,1
cus7208,0,0,1,1,0
cus7209,0,0,1,1,1
cus7210,1,1,1,1,0
cus7211,0,0,0,0,0
cus7212,0,0,1,1,0
cus7213,0,0,0,1,0
cus7214,0,0,1,1,1
cus7215,0,0,0,0,0
cus7216,1,1,1,1,1
cus7217,0,0,1,1,1
cus7218,0,0,1,1,0
cus7219,0,0,1,1,1
cus7220,0,0,1,1,0
cus7221,1,1,0,0,0
cus7222,1,0,1,1,0
cus7223,1,0,0,0,1
cus7224,0,0,0,0,0
cus7225,1,1,0,0,0
cus7226,0,1,1,0,1
cus7227,0,0,1,0,1
cus7228,1,0,0,0,1
cus7229,1,1,0,1,0
cus7230,0,0,1,0,1
cus7231,0,0,1,1,0
cus7232,1,1,0,0,1
cus7233,0,0,0,0,1
cus7234,0,0,1,1,1
cus7235,1,1,0,0,1
cus7236,0,0,0,0,0
cus7237,0,0,0,0,0
cus7238,0,0,0,0,0
cus7239,1,1,0,0,0
cus7240,1,1,0,1,1
cus7241,1,0,0,0,1
cus7242,0,0,1,1,1
cus7243,1,1,1,0,1
cus7244,0,0,1,1,0
cus7245,0,0,0,1,0
cus7246,0,0,0,0,1
cus7247,0,0,1,1,0
cus7248,0,0,1,1,1
cus7249,1,1,0,0,0
cus7250,0,0,1,1,1
cus7251,0,0,0,0,0
cus7252,0,0,0,0,0
cus7253,1,1,1,0,0
cus7254,1,1,0,0,0
cus7255,0,0,1,1,0
cus7256,0,0,1,1,0
cus7257,1,1,1,1,0
cus7258,0,0,1,1,0
cus7259,1,0,1,1,1
cus7260,0,0,0,0,1
cus7261,1,0,1,0,0
cus7262,1,1,1,1,1
cus7263,0,0,0,0,1
cus7264,1,1,1,1,1
cus7265,0,0,1,0,0
cus7266,1,1,0,0,0
cus7267,1,1,1,0,1
cus7268,1,1,1,1,0
cus7269,1,1,1,1,1
cus7270,1,1,1,1,0
cus7271,1,1,0,0,0
cus7272,1,1,0,1,1
cus7273,0,0,0,0,0
cus7274,0,0,0,1,1
cus7275,1,1,0,0,0
cus7276,0,0,1,1,0
cus7277,1,1,0,1,1
cus7278,1,1,1,1,1
cus7279,1,1,0,0,0
cus7280,0,0,1,1,0
cus7281,1,1,1,1,1
cus7282,0,0,1,0,0
cus7283,1,1,1,1,1
cus7284,1,1,0,1,0
cus7285,0,0,1,1,0
cus7286,1,1,0,1,0
cus7287,0,0,1,0,0
cus7288,0,0,1,1,1
cus7289,1,1,1,1,0
cus7290,0,0,1,1,0
cus7291,0,0,1,0,0
cus7292,0,0,0,0,0
cus7293,1,1,1,1,1
cus7294,1,1,1,0,0
cus7295,1,1,0,0,1
cus7296,0,0,0,0,0
cus7297,0,0,0,0,0
cus7298,1,1,0,0,1
cus7299,1,1,0,0,0
cus7300,1,1,1,0,0
cus7301,0,0,0,1,1
cus7302,1,1,0,0,0
cus7303,1,1,1,1,0
cus7304,1,0,1,1,1
cus7305,0,1,0,0,1
cus7306,0,1,1,0,0
cus7307,1,1,1,1,1
cus7308,0,0,0,1,1
cus7309,1,0,0,1,1
cus7310,0,0,0,0,0
cus7311,0,0,0,0,1
cus7312,0,0,1,1,0
cus7313,1,1,1,1,1
cus7314,0,1,0,0,0
cus7315,1,1,0,0,1
cus7316,1,1,1,1,0
cus7317,1,1,0,0,0
cus7318,1,0,1,0,1
cus7319,1,1,1,1,0
cus7320,1,1,1,0,1
cus7321,0,0,1,1,0
cus7322,0,0,1,1,0
cus7323,1,1,0,0,0
cus7324,1,0,0,0,1
cus7325,1,0,0,0,0
cus7326,1,1,1,0,0
cus7327,1,1,0,0,0
cus7328,1,0,1,0,0
cus7329,0,0,0,1,1
cus7330,1,1,1,1,1
cus7331,1,0,0,0,1
cus7332,1,1,1,1,1
cus7333,1,1,0,0,1
cus7334,1,1,0,0,1
cus7335,1,1,1,0,0
cus7336,1,1,0,0,0
cus7337,1,1,0,0,1
cus7338,1,1,0,0,0
cus7339,1,1,0,0,1
cus7340,1,1,0,1,1
cus7341,1,1,0,0,0
cus7342,1,1,1,1,1
cus7343,0,0,1,1,1
cus7344,1,0,0,0,1
cus7345,0,0,0,0,1
cus7346,1,1,0,0,0
cus7347,0,1,1,1,0
cus7348,1,1,1,0,0
cus7349,1,0,1,1,0
cus7350,1,1,0,0,0
cus7351,1,1,1,0,1
cus7352,1,1,0,0,1
cus7353,1,1,1,1,0
cus7354,1,1,1,0,1
cus7355,0,0,1,1,0
cus7356,0,0,0,0,0
cus7357,1,1,0,1,1
cus7358,1,1,0,0,0
cus7359,1,1,1,1,1
cus7360,0,0,0,1,1
cus7361,1,1,1,1,0
cus7362,1,1,0,0,1
cus7363,0,0,0,0,0
cus7364,1,1,1,1,0
cus7365,1,1,0,0,1
cus7366,0,0,1,1,0
cus7367,0,0,1,0,0
cus7368,0,0,0,0,0
cus7369,0,0,0,1,1
cus7370,1,1,1,0,0
cus7371,0,0,1,1,1
cus7372,1,1,1,1,1
cus7373,1,1,0,1,1
cus7374,1,0,1,1,1
cus7375,0,0,1,0,1
cus7376,1,1,1,0,0
cus7377,1,1,1,1,0
cus7378,0,0,1,0,1
cus7379,0,1,0,1,0
cus7380,0,0,0,0,1
cus7381,0,0,1,0,0
cus7382,0,0,0,0,0
cus7383,1,0,0,0,0
cus7384,1,1,1,1,0
cus7385,1,0,1,0,0
cus7386,1,0,1,0,1
cus7387,1,0,0,0,0
cus7388,1,1,1,1,1
cus7389,1,0,1,1,1
cus7390,1,1,1,1,0
cus7391,0,0,0,1,1
cus7392,0,0,1,1,0
cus7393,0,0,1,1,0
cus7394,0,0,0,0,0
cus7395,1,0,0,0,0
cus7396,0,0,1,1,0
cus7397,1,0,1,1,1
cus7398,1,0,0,0,1
cus7399,0,0,0,1,1
cus7400,1,1,1,0,1
cus7401,1,1,0,0,0
cus7402,1,1,0,0,1
cus7403,0,0,1,1,0
cus7404,1,1,0,0,0
cus7405,0,0,1,1,0
cus7406,1,1,1,0,1
cus7407,1,1,0,0,0
cus7408,0,0,0,1,0
cus7409,0,0,0,0,1
cus7410,1,1,1,0,1
cus7411,1,0,0,0,0
cus7412,0,0,1,0,1
cus7413,0,0,0,0,0
cus7414,0,0,1,1,1
cus7415,1,1,1,0,1
cus7416,0,1,0,0,0
cus7417,1,1,0,0,0
cus7418,1,1,1,1,1
cus7419,1,1,1,1,0
cus7420,0,0,1,0,0
cus7421,1,1,0,0,1
cus7422,1,0,1,0,1
cus7423,0,1,1,0,1
cus7424,1,0,1,1,1
cus7425,0,0,0,0,0
cus7426,1,0,0,0,0
cus7427,1,1,0,1,1
cus7428,0,0,0,0,0
cus7429,1,1,1,0,1
cus7430,0,0,0,0,0
cus7431,1,1,0,0,0
cus7432,0,0,1,1,1
cus7433,1,1,0,0,1
cus7434,1,0,1,0,1
cus7435,1,1,0,0,0
cus7436,1,1,0,0,0
cus7437,1,1,0,1,1
cus7438,1,0,1,1,0
cus7439,1,1,1,1,1
cus7440,1,1,0,0,0
cus7441,1,1,0,0,1
cus7442,0,0,0,0,1
cus7443,0,0,1,0,0
cus7444,0,0,0,1,0
cus7445,1,1,0,0,1
cus7446,0,0,0,0,0
cus7447,0,0,1,0,0
cus7448,1,1,0,0,1
cus7449,0,1,0,0,0
cus7450,1,1,0,0,0
cus7451,1,0,0,0,0
cus7452,0,1,0,0,0
cus7453,1,0,1,1,1
cus7454,1,1,1,1,1
cus7455,1,1,0,0,1
cus7456,1,0,1,1,0
cus7457,0,0,1,1,0
cus7458,0,0,0,0,1
cus7459,1,1,1,1,0
cus7460,0,0,1,0,0
cus7461,0,0,0,0,0
cus7462,1,1,1,0,0
cus7463,0,0,1,0,0
cus7464,1,1,1,1,0
cus7465,0,0,1,0,0
cus7466,0,0,0,1,0
cus7467,0,0,0,0,0
cus7468,1,1,1,0,1
cus7469,1,0,1,0,0
cus7470,0,0,0,0,0
cus7471,1,1,0,0,0
cus7472,0,0,1,1,0
cus7473,1,1,0,1,0
cus7474,1,0,1,1,0
cus7475,0,0,0,0,1
cus7476,0,0,1,1,0
cus7477,1,1,1,1,0
cus7478,0,0,0,0,1
cus7479,0,0,1,1,0
cus7480,1,1,0,1,0
cus7481,1,1,1,1,1
cus7482,0,0,0,0,1
cus7483,1,1,0,0,0
cus7484,1,0,0,0,1
cus7485,1,0,1,0,1
cus7486,0,0,1,1,0
cus7487,1,1,1,1,1
cus7488,0,0,1,1,0
cus7489,1,1,1,0,1
cus7490,1,0,1,1,1
cus7491,0,0,0,0,0
cus7492,0,0,1,0,0
cus7493,1,1,0,0,1
cus7494,0,1,1,0,1
cus7495,0,0,0,0,0
cus7496,0,0,1,1,0
cus7497,0,0,0,0,0
cus7498,1,1,0,1,0
cus7499,0,0,0,0,1
cus7500,0,0,1,1,0
cus7501,1,1,1,1,1
cus7502,1,0,1,1,1
cus7503,0,0,0,0,0
cus7504,1,1,0,0,0
cus7505,1,1,1,0,1
cus7506,0,1,0,1,1
cus7507,1,1,1,0,1
cus7508,1,1,0,0,0
cus7509,0,0,0,1,1
cus7510,0,0,1,0,0
cus7511,0,0,0,0,1
cus7512,1,1,1,1,0
cus7513,1,1,0,0,0
cus7514,0,0,0,0,0
cus7515,0,0,0,0,0
cus7516,0,0,1,1,0
cus7517,0,0,1,0,1
cus7518,1,1,0,0,1
cus7519,1,1,1,0,0
cus7520,1,1,1,1,0
cus7521,1,0,0,0,1
cus7522,0,0,1,1,0
cus7523,1,1,0,1,0
cus7524,0,0,1,1,0
cus7525,0,0,1,0,0
cus7526,0,1,1,1,0
cus7527,1,1,0,0,1
cus7528,0,0,1,1,0
cus7529,1,1,1,0,1
cus7530,1,1,0,0,1
cus7531,1,1,1,1,1
cus7532,0,0,0,0,1
cus7533,0,0,0,0,0
cus7534,0,1,1,0,0
cus7535,0,1,0,0,0
cus7536,1,0,0,0,0
cus7537,0,0,0,0,1
cus7538,1,1,0,0,1
cus7539,0,0,0,0,0
cus7540,1,0,0,1,0
cus7541,1,1,0,0,0
cus7542,1,1,0,0,0
cus7543,0,0,0,1,0
cus7544,1,1,1,1,1
cus7545,1,1,1,0,1
cus7546,0,0,1,1,0
cus7547,0,1,1,1,0
cus7548,0,1,1,1,0
cus7549,0,0,1,0,1
cus7550,0,0,0,0,0
cus7551,1,1,1,1,1
cus7552,1,1,1,1,1
cus7553,1,1,0,1,0
cus7554,1,0,1,0,1
cus7555,1,1,1,1,1
cus7556,0,0,1,0,0
cus7557,1,1,1,1,1
cus7558,1,1,1,1,0
cus7559,0,0,0,0,0
cus7560,0,0,1,1,1
cus7561,1,1,0,0,0
cus7562,1,1,1,1,0
cus7563,0,0,0,0,0
cus7564,1,1,1,1,1
cus7565,1,1,0,0,1
cus7566,1,1,0,1,0
cus7567,0,1,1,1,0
cus7568,1,1,0,0,0
cus7569,1,0,0,0,1
cus7570,1,1,1,1,0
cus7571,0,0,0,0,0
cus7572,0,1,0,0,0
cus7573,1,1,0,0,1
cus7574,0,0,0,0,0
cus7575,0,0,0,0,0
cus7576,1,1,1,1,0
cus7577,1,1,1,1,1
cus7578,1,1,1,1,0
cus7579,1,1,0,0,1
cus7580,1,1,0,1,1
cus7581,0,0,1,1,1
cus7582,1,0,1,0,1
cus7583,1,1,0,0,0
cus7584,1,1,0,1,0
cus7585,1,1,0,1,0
cus7586,0,0,1,0,0
cus7587,1,0,0,0,0
cus7588,1,1,1,1,0
cus7589,1,1,0,0,1
cus7590,0,0,0,0,0
cus7591,1,1,1,1,1
cus7592,0,1,1,1,0
cus7593,0,1,0,0,0
cus7594,0,0,0,0,0
cus7595,1,1,0,0,0
cus7596,0,0,0,0,0
cus7597,1,1,1,1,1
cus7598,0,1,1,1,1
cus7599,1,1,1,0,0
cus7600,1,1,0,0,0
cus7601,1,1,1,1,1
cus7602,0,0,1,0,0
cus7603,1,1,0,1,0
cus7604,0,0,1,1,0
cus7605,1,1,1,1,1
cus7606,1,1,1,1,0
cus7607,0,0,1,1,0
cus7608,0,0,0,1,0
cus7609,0,1,1,1,1
cus7610,1,0,0,0,0
cus7611,1,1,1,1,0
cus7612,1,1,1,0,1
cus7613,1,0,1,1,0
cus7614,1,1,0,0,0
cus7615,1,1,0,1,1
cus7616,1,1,0,1,0
cus7617,0,0,0,0,0
cus7618,1,0,0,0,0
cus7619,0,0,0,0,0
cus7620,1,1,0,0,0
cus7621,0,0,1,1,1
cus7622,0,0,1,1,1
cus7623,1,1,1,1,0
cus7624,1,0,0,0,0
cus7625,0,1,1,0,0
cus7626,1,1,1,0,0
cus7627,0,0,0,0,0
cus7628,1,1,0,0,0
cus7629,0,0,0,1,0
cus7630,0,0,0,0,0
cus7631,0,1,1,1,1
cus7632,0,0,1,1,0
cus7633,0,1,0,0,0
cus7634,0,0,0,0,1
cus7635,1,1,0,1,0
cus7636,0,0,0,0,1
cus7637,0,1,0,0,0
cus7638,1,1,0,0,1
cus7639,0,1,0,0,1
cus7640,1,1,1,0,0
cus7641,0,0,0,0,0
cus7642,1,0,1,1,1
cus7643,0,0,0,0,0
cus7644,1,0,1,0,0
cus7645,1,1,0,0,0
cus7646,1,0,1,0,1
cus7647,1,1,1,0,1
cus7648,1,1,1,1,1
cus7649,1,1,1,1,0
cus7650,0,0,0,0,0
cus7651,1,0,0,0,0
cus7652,0,0,1,0,0
cus7653,1,0,0,1,0
cus7654,1,1,0,0,0
cus7655,0,0,1,0,1
cus7656,1,0,0,0,1
cus7657,1,0,1,1,0
cus7658,0,0,1,0,0
cus7659,1,1,1,0,1
cus7660,0,0,0,0,0
cus7661,0,0,1,1,0
cus7662,1,0,0,0,0
cus7663,1,1,0,1,1
cus7664,1,1,0,1,0
cus7665,1,0,0,0,0
cus7666,1,0,1,1,0
cus7667,0,0,0,0,0
cus7668,1,0,0,0,0
cus7669,1,0,0,0,1
cus7670,0,0,1,1,1
cus7671,1,1,0,0,0
cus7672,1,0,1,1,1
cus7673,1,1,1,0,1
cus7674,1,0,1,0,1
cus7675,1,1,1,0,1
cus7676,0,0,1,0,0
cus7677,0,0,1,1,1
cus7678,1,1,0,0,1
cus7679,1,1,1,1,1
cus7680,1,1,0,0,0
cus7681,1,0,1,0,0
cus7682,0,0,0,0,0
cus7683,1,1,1,0,1
cus7684,0,0,1,1,0
cus7685,0,0,1,1,1
cus7686,1,0,0,0,1
cus7687,1,1,0,0,0
cus7688,0,0,0,0,1
cus7689,0,0,1,1,1
cus7690,0,0,0,1,1
cus7691,0,0,0,0,0
cus7692,1,1,1,0,0
cus7693,1,1,0,0,1
cus7694,0,0,0,0,0
cus7695,0,0,1,0,0
cus7696,0,0,1,1,0
cus7697,1,1,0,0,0
cus7698,0,0,0,0,0
cus7699,1,1,0,0,0
cus7700,0,0,0,0,0
cus7701,0,1,0,0,0
cus7702,0,0,0,1,1
cus7703,0,0,1,0,0
cus7704,1,1,1,1,1
cus7705,0,0,1,1,0
cus7706,1,1,0,0,1
cus7707,0,0,1,1,0
cus7708,0,0,0,1,0
cus7709,1,1,0,0,1
cus7710,0,0,0,0,0
cus7711,1,1,1,1,1
cus7712,1,1,1,1,0
cus7713,1,1,0,0,0
cus7714,0,0,1,1,0
cus7715,1,1,1,1,0
cus7716,1,1,0,0,0
cus7717,1,1,0,0,1
cus7718,0,0,1,1,1
cus7719,1,1,1,1,1
cus7720,0,0,1,0,0
cus7721,0,0,0,0,1
cus7722,0,0,1,1,1
cus7723,1,1,0,0,0
cus7724,1,1,1,0,1
cus7725,0,1,1,1,1
cus7726,0,0,1,0,0
cus7727,1,0,1,0,0
cus7728,1,1,1,1,0
cus7729,1,1,0,0,0
cus7730,0,0,0,0,0
cus7731,1,0,1,0,0
cus7732,0,0,1,1,1
cus7733,0,0,0,0,1
cus7734,0,0,0,0,1
cus7735,0,0,0,0,1
cus7736,1,0,1,0,1
cus7737,0,0,0,0,0
cus7738,1,1,0,0,1
cus7739,1,1,0,1,1
cus7740,0,1,0,0,0
cus7741,1,0,1,1,1
cus7742,1,1,0,0,1
cus7743,1,1,0,0,0
cus7744,0,0,1,1,0
cus7745,0,0,1,1,0
cus7746,0,1,1,1,0
cus7747,1,1,0,0,0
cus7748,0,0,1,1,0
cus7749,0,0,1,0,1
cus7750,1,1,0,0,0
cus7751,0,0,0,1,0
cus7752,0,0,0,0,0
cus7753,0,1,1,1,0
cus7754,0,0,0,0,0
cus7755,1,1,0,0,1
cus7756,1,0,1,1,1
cus7757,1,0,1,1,1
cus7758,1,0,0,0,1
cus7759,1,1,0,0,0
cus7760,0,0,0,0,0
cus7761,0,0,0,0,0
cus7762,1,1,0,1,0
cus7763,1,1,0,0,1
cus7764,0,0,0,0,0
cus7765,0,0,0,1,0
cus7766,0,0,0,1,0
cus7767,1,1,1,1,0
cus7768,0,0,1,1,0
cus7769,1,1,0,0,1
cus7770,1,1,1,1,1
cus7771,1,1,0,0,0
cus7772,1,1,1,1,1
cus7773,1,1,0,1,0
cus7774,0,0,1,0,0
cus7775,0,0,0,1,1
cus7776,1,0,1,1,0
cus7777,1,0,0,1,1
cus7778,1,0,0,0,1
cus7779,1,1,1,1,0
cus7780,1,1,0,0,0
cus7781,0,0,0,0,0
cus7782,0,0,0,1,0
cus7783,0,0,1,0,1
cus7784,0,0,1,1,1
cus7785,1,1,1,0,1
cus7786,0,0,1,1,1
cus7787,0,0,1,1,0
cus7788,0,0,1,1,0
cus7789,0,0,1,0,0
cus7790,1,1,0,0,1
cus7791,1,0,0,1,0
cus7792,0,0,0,0,0
cus7793,1,1,1,1,0
cus7794,0,0,1,1,0
cus7795,1,1,0,0,0
cus7796,1,1,0,0,0
cus7797,1,0,1,1,1
cus7798,0,1,1,0,1
cus7799,1,1,0,0,0
cus7800,1,0,0,0,0
cus7801,1,1,0,1,1
cus7802,1,1,0,0,0
cus7803,1,1,1,1,1
cus7804,1,1,0,0,0
cus7805,1,0,0,0,1
cus7806,0,0,1,0,1
cus7807,1,1,1,0,1
cus7808,1,1,1,0,0
cus7809,1,0,0,0,0
cus7810,0,0,1,0,0
cus7811,1,1,0,0,1
cus7812,0,0,0,1,0
cus7813,1,1,1,1,1
cus7814,0,0,0,0,1
cus7815,1,1,1,1,0
cus7816,1,1,0,0,0
cus7817,1,1,1,1,0
cus7818,1,1,1,1,0
cus7819,0,1,0,0,0
cus7820,0,0,1,0,1
cus7821,1,0,0,1,0
cus7822,0,0,1,1,0
cus7823,0,0,0,1,0
cus7824,1,1,1,0,1
cus7825,1,1,1,1,0
cus7826,1,1,0,0,0
cus7827,1,0,1,1,1
cus7828,1,0,1,1,0
cus7829,1,1,0,0,0
cus7830,0,0,0,0,0
cus7831,1,1,1,1,1
cus7832,0,1,1,0,1
cus7833,1,1,0,1,1
cus7834,0,0,1,0,1
cus7835,0,0,0,0,0
cus7836,0,0,1,1,0
cus7837,1,1,0,0,1
cus7838,1,1,0,0,1
cus7839,0,0,0,0,0
cus7840,1,1,1,1,0
cus7841,0,0,1,1,0
cus7842,1,1,0,1,0
cus7843,0,0,0,0,1
cus7844,1,0,1,1,1
cus7845,1,1,0,0,0
cus7846,1,1,0,1,1
cus7847,1,1,0,1,0
cus7848,0,0,1,0,0
cus7849,1,1,1,0,1
cus7850,1,1,1,1,0
cus7851,0,0,1,0,0
cus7852,1,1,1,1,1
cus7853,0,0,0,0,0
cus7854,1,1,1,1,1
cus7855,0,1,0,0,1
cus7856,1,1,1,0,0
cus7857,1,1,0,0,0
cus7858,1,1,1,0,0
cus7859,0,0,0,0,1
cus7860,1,1,0,0,1
cus7861,1,1,1,0,1
cus7862,0,0,1,1,1
cus7863,1,1,1,0,1
cus7864,0,1,1,1,1
cus7865,1,1,0,0,0
cus7866,0,0,1,0,0
cus7867,0,0,1,0,0
cus7868,0,0,1,1,0
cus7869,1,1,0,0,1
cus7870,0,1,1,0,0
cus7871,0,0,1,0,0
cus7872,0,0,1,1,1
cus7873,1,0,1,1,1
cus7874,0,0,0,0,0
cus7875,0,0,1,1,1
cus7876,0,0,0,0,0
cus7877,1,0,0,0,0
cus7878,1,1,0,0,0
cus7879,1,1,1,0,0
cus7880,1,1,0,0,0
cus7881,0,0,1,0,0
cus7882,1,1,1,1,0
cus7883,1,0,0,0,1
cus7884,1,1,1,1,1
cus7885,1,1,0,0,0
cus7886,1,1,0,1,1
cus7887,0,1,1,1,1
cus7888,1,0,0,0,0
cus7889,0,0,0,0,0
cus7890,0,0,1,1,0
cus7891,1,0,0,0,1
cus7892,1,1,1,1,0
cus7893,1,1,1,1,1
cus7894,0,0,0,1,0
cus7895,1,1,1,1,1
cus7896,1,1,1,0,0
cus7897,0,0,1,1,1
cus7898,0,0,0,0,0
cus7899,0,0,1,0,0
cus7900,1,1,0,1,0
cus7901,1,1,0,0,0
cus7902,0,0,0,1,1
cus7903,1,1,0,0,0
cus7904,1,1,0,0,0
cus7905,0,0,0,0,0
cus7906,1,0,0,1,1
cus7907,0,0,0,1,0
cus7908,1,1,0,0,1
cus7909,1,1,0,0,1
cus7910,1,0,1,1,0
cus7911,0,0,1,1,0
cus7912,1,1,1,0,0
cus7913,0,0,0,0,1
cus7914,0,0,1,0,1
cus7915,0,0,0,0,0
cus7916,1,1,0,1,0
cus7917,1,1,1,1,0
cus7918,0,0,0,0,0
cus7919,0,0,1,1,0
cus7920,0,0,0,0,0
cus7921,1,1,0,1,1
cus7922,0,0,0,0,0
cus7923,1,1,1,1,0
cus7924,0,0,0,0,1
cus7925,0,0,1,0,0
cus7926,1,0,1,1,1
cus7927,1,1,0,0,1
cus7928,0,0,0,0,1
cus7929,0,1,1,1,0
cus7930,0,0,0,0,0
cus7931,0,0,0,1,0
cus7932,1,1,1,0,1
cus7933,0,0,0,0,1
cus7934,0,0,0,0,1
cus7935,0,0,1,1,1
cus7936,0,0,0,0,0
cus7937,1,1,0,0,0
cus7938,1,1,1,1,1
cus7939,1,1,0,0,1
cus7940,0,1,1,0,0
cus7941,0,0,0,1,0
cus7942,1,1,1,1,1
cus7943,0,0,0,0,0
cus7944,1,0,1,1,0
cus7945,1,1,1,1,1
cus7946,0,0,1,1,1
cus7947,0,0,0,0,0
cus7948,1,1,0,0,0
cus7949,1,1,1,0,0
cus7950,1,0,1,1,1
cus7951,0,0,0,0,1
cus7952,1,0,0,0,1
cus7953,1,1,1,1,0
cus7954,1,0,0,1,0
cus7955,1,1,1,1,0
cus7956,1,1,1,1,0
cus7957,1,1,1,1,0
cus7958,1,0,0,1,0
cus7959,0,0,1,1,0
cus7960,1,1,0,0,0
cus7961,0,0,0,0,1
cus7962,1,1,1,1,1
cus7963,0,0,0,0,0
cus7964,0,0,0,0,1
cus7965,0,1,1,1,1
cus7966,0,0,1,0,1
cus7967,0,0,0,0,0
cus7968,1,0,1,1,0
cus7969,1,1,0,1,1
cus7970,0,0,1,0,1
cus7971,0,0,0,0,1
cus7972,0,0,1,0,0
cus7973,1,1,0,1,0
cus7974,1,0,1,1,1
cus7975,1,1,1,0,1
cus7976,0,1,0,0,0
cus7977,1,1,1,1,0
cus7978,1,1,1,1,1
cus7979,0,1,0,0,0
cus7980,0,0,1,1,0
cus7981,0,0,1,1,0
cus7982,0,0,0,0,1
cus7983,0,0,0,1,1
cus7984,1,0,0,0,0
cus7985,0,0,1,1,1
cus7986,1,1,1,1,1
cus7987,1,0,0,1,0
cus7988,1,0,1,1,0
cus7989,0,0,0,0,1
cus7990,1,1,0,0,0
cus7991,0,0,1,1,0
cus7992,0,0,1,1,0
cus7993,1,1,1,1,0
cus7994,1,0,1,1,1
cus7995,0,1,1,0,1
cus7996,1,1,0,0,1
cus7997,0,1,0,1,1
cus7998,0,1,1,0,0
cus7999,1,1,0,0,0
cus8000,0,0,1,1,0
cus8001,1,1,1,1,1
cus8002,1,1,1,1,1
cus8003,0,0,0,0,1
cus8004,1,1,1,1,0
cus8005,1,0,0,0,1
cus8006,1,1,1,0,1
cus8007,1,0,1,1,0
cus8008,1,0,0,0,0
cus8009,1,1,0,0,1
cus8010,0,0,0,0,0
cus8011,0,1,0,1,0
cus8012,1,0,1,1,1
cus8013,1,0,1,0,0
cus8014,0,0,1,1,0
cus8015,0,0,0,0,0
cus8016,0,0,0,1,0
cus8017,1,1,0,0,0
cus8018,1,1,1,1,0
cus8019,1,1,1,0,1
cus8020,0,0,1,0,0
cus8021,0,0,0,0,0
cus8022,0,0,1,0,0
cus8023,1,1,1,0,1
cus8024,0,0,0,1,0
cus8025,0,1,1,0,0
cus8026,1,1,1,0,0
cus8027,1,1,0,0,0
cus8028,0,0,0,1,0
cus8029,0,0,0,1,1
cus8030,1,0,0,0,0
cus8031,1,1,1,0,0
cus8032,1,0,1,1,1
cus8033,1,0,1,1,0
cus8034,0,0,1,1,1
cus8035,1,0,1,1,0
cus8036,0,0,1,1,1
cus8037,1,1,1,1,1
cus8038,0,0,0,1,0
cus8039,1,1,0,0,0
cus8040,0,1,1,1,1
cus8041,0,0,0,0,0
cus8042,1,1,0,0,0
cus8043,0,0,0,0,0
cus8044,1,1,1,1,0
cus8045,1,1,0,0,0
cus8046,1,1,1,1,1
cus8047,1,1,1,0,0
cus8048,0,0,0,0,0
cus8049,1,1,1,0,0
cus8050,1,1,0,0,0
cus8051,0,0,1,0,0
cus8052,1,1,0,0,0
cus8053,0,0,0,0,0
cus8054,1,0,0,0,1
cus8055,1,1,1,0,0
cus8056,0,0,1,0,1
cus8057,1,1,0,1,0
cus8058,1,0,0,0,0
cus8059,0,0,1,1,1
cus8060,1,1,0,0,1
cus8061,1,1,0,0,1
cus8062,0,0,0,0,0
cus8063,0,0,0,0,0
cus8064,0,0,1,0,0
cus8065,1,1,0,0,0
cus8066,0,0,0,0,0
cus8067,1,0,0,0,0
cus8068,1,1,1,1,1
cus8069,0,0,0,0,1
cus8070,1,0,0,0,1
cus8071,0,0,1,0,0
cus8072,1,0,0,0,1
cus8073,1,1,1,0,0
cus8074,0,0,0,0,1
cus8075,1,1,1,1,1
cus8076,0,1,0,0,0
cus8077,0,0,1,0,1
cus8078,0,0,1,1,1
cus8079,1,1,1,0,0
cus8080,0,0,0,0,0
cus8081,0,1,0,0,0
cus8082,0,0,0,0,0
cus8083,0,0,0,0,0
cus8084,0,0,1,1,0
cus8085,0,0,0,0,1
cus8086,1,1,1,1,0
cus8087,1,1,0,1,0
cus8088,0,1,1,0,0
cus8089,1,1,0,0,1
cus8090,1,1,1,0,1
cus8091,1,0,1,1,0
cus8092,1,0,1,1,1
cus8093,0,0,1,0,0
cus8094,0,0,0,0,0
cus8095,0,0,0,1,0
cus8096,0,0,0,0,0
cus8097,1,1,1,0,0
cus8098,0,1,1,0,1
cus8099,1,0,1,1,0
cus8100,0,0,0,0,0
cus8101,0,0,1,1,0
cus8102,0,0,1,0,1
cus8103,0,0,1,1,0
cus8104,0,0,1,0,0
cus8105,1,1,0,1,1
cus8106,0,0,1,1,1
cus8107,1,1,1,1,0
cus8108,1,1,1,1,1
cus8109,1,1,1,0,1
cus8110,1,1,0,0,1
cus8111,1,1,1,1,1
cus8112,1,1,0,0,1
cus8113,0,0,1,0,0
cus8114,0,0,1,1,0
cus8115,1,1,1,1,0
cus8116,1,1,0,1,0
cus8117,0,0,0,0,1
cus8118,1,1,1,0,0
cus8119,1,1,1,1,0
cus8120,1,1,1,1,1
cus8121,1,1,0,0,1
cus8122,1,1,1,1,1
cus8123,1,1,1,1,1
cus8124,1,1,0,0,1
cus8125,1,1,1,1,1
cus8126,0,1,0,0,0
cus8127,0,1,1,1,1
cus8128,1,0,1,1,0
cus8129,1,1,1,0,1
cus8130,0,1,0,0,0
cus8131,0,0,0,1,0
cus8132,0,1,0,0,0
cus8133,1,1,1,1,1
cus8134,0,0,0,1,0
cus8135,0,0,0,0,0
cus8136,0,0,0,0,1
cus8137,0,0,1,1,1
cus8138,1,1,0,1,0
cus8139,1,1,0,0,1
cus8140,1,1,0,0,0
cus8141,0,0,0,0,0
cus8142,0,0,0,0,0
cus8143,1,1,1,1,1
cus8144,1,1,1,1,1
cus8145,1,1,0,0,0
cus8146,1,0,0,0,0
cus8147,1,1,0,1,0
cus8148,0,0,1,1,1
cus8149,1,1,1,1,1
cus8150,0,0,1,1,0
cus8151,1,1,1,1,0
cus8152,0,0,1,0,0
cus8153,0,0,0,0,0
cus8154,1,1,0,0,1
cus8155,1,1,0,1,0
cus8156,0,0,0,0,1
cus8157,1,1,1,1,0
cus8158,1,1,1,1,1
cus8159,0,1,0,0,0
cus8160,1,1,0,0,1
cus8161,1,1,1,1,1
cus8162,0,0,1,0,0
cus8163,1,0,1,1,1
cus8164,1,1,0,0,0
cus8165,1,0,1,1,0
cus8166,1,1,0,0,1
cus8167,1,1,0,0,1
cus8168,0,0,1,1,0
cus8169,0,1,0,1,1
cus8170,1,0,0,0,0
cus8171,1,1,0,0,1
cus8172,0,0,1,0,0
cus8173,1,1,1,1,1
cus8174,0,0,0,0,1
cus8175,0,0,0,1,0
cus8176,1,1,0,0,1
cus8177,0,0,1,1,1
cus8178,1,1,0,0,0
cus8179,1,0,1,1,0
cus8180,0,0,0,0,0
cus8181,1,1,1,1,1
cus8182,1,1,1,1,0
cus8183,0,0,1,1,1
cus8184,0,0,1,0,0
cus8185,1,1,0,1,1
cus8186,0,0,1,0,1
cus8187,1,1,0,0,0
cus8188,0,0,1,0,0
cus8189,1,1,0,0,1
cus8190,0,0,1,1,0
cus8191,0,0,0,0,0
cus8192,1,1,0,0,1
cus8193,1,1,0,1,0
cus8194,1,1,0,0,1
cus8195,1,1,0,0,0
cus8196,1,0,1,1,0
cus8197,1,1,1,1,1
cus8198,0,0,1,1,0
cus8199,0,0,0,0,0
cus8200,1,1,0,1,1
cus8201,0,0,1,0,0
cus8202,0,0,0,0,0
cus8203,0,0,1,0,1
cus8204,1,0,1,1,1
cus8205,0,0,0,0,0
cus8206,1,1,1,0,1
cus8207,0,0,1,0,0
cus8208,0,0,0,0,0
cus8209,0,0,0,0,0
cus8210,0,1,0,0,0
cus8211,0,1,0,0,1
cus8212,0,0,1,0,0
cus8213,1,0,0,1,1
cus8214,1,1,0,0,0
cus8215,0,0,0,0,0
cus8216,1,1,1,1,0
cus8217,1,1,0,1,1
cus8218,0,0,1,1,0
cus8219,1,1,1,1,0
cus8220,0,0,1,1,0
cus8221,0,0,1,1,1
cus8222,1,0,1,1,0
cus8223,1,1,1,1,1
cus8224,1,1,0,0,0
cus8225,1,1,0,1,1
cus8226,0,0,0,1,0
cus8227,0,0,0,0,0
cus8228,1,1,0,0,1
cus8229,1,0,1,1,1
cus8230,1,1,0,0,0
cus8231,0,0,1,0,0
cus8232,0,0,1,1,1
cus8233,0,0,1,0,0
cus8234,1,0,1,1,1
cus8235,1,1,1,1,1
cus8236,0,0,0,0,0
cus8237,1,1,0,0,1
cus8238,1,1,1,1,0
cus8239,1,1,1,0,1
cus8240,1,1,1,0,1
cus8241,0,0,0,1,0
cus8242,1,1,0,0,1
cus8243,0,0,0,1,0
cus8244,1,1,1,1,0
cus8245,0,1,1,0,1
cus8246,0,0,0,0,0
cus8247,1,1,1,1,1
cus8248,0,0,1,1,0
cus8249,0,0,0,0,0
cus8250,1,1,1,0,1
cus8251,1,0,1,0,0
cus8252,0,0,0,0,0
cus8253,0,0,1,1,1
cus8254,0,1,0,1,1
cus8255,1,1,1,1,0
cus8256,0,0,0,0,0
cus8257,0,1,1,1,0
cus8258,0,0,0,0,0
cus8259,0,0,1,1,0
cus8260,0,0,1,1,1
cus8261,0,0,0,0,1
cus8262,1,0,1,0,0
cus8263,1,1,1,1,0
cus8264,0,0,0,0,0
cus8265,0,1,0,0,0
cus8266,0,0,1,1,0
cus8267,0,1,1,0,0
cus8268,1,0,1,0,1
cus8269,0,0,1,1,1
cus8270,0,0,0,0,0
cus8271,0,0,1,0,1
cus8272,0,0,1,1,0
cus8273,1,0,1,1,1
cus8274,1,1,1,1,1
cus8275,1,0,1,1,1
cus8276,0,0,0,0,1
cus8277,1,1,1,1,1
cus8278,0,1,1,0,1
cus8279,1,1,1,0,1
cus8280,1,1,1,1,1
cus8281,0,0,1,0,0
cus8282,0,0,0,0,0
cus8283,1,1,0,0,1
cus8284,0,0,1,1,1
cus8285,0,0,1,0,1
cus8286,0,0,1,1,0
cus8287,1,1,0,0,1
cus8288,0,0,1,1,0
cus8289,0,1,1,1,1
cus8290,0,0,0,0,0
cus8291,1,1,1,0,0
cus8292,0,0,1,0,0
cus8293,0,0,0,0,0
cus8294,0,0,0,0,0
cus8295,1,1,0,0,0
cus8296,1,0,1,0,1
cus8297,1,0,1,0,1
cus8298,0,0,0,1,0
cus8299,1,1,0,0,0
cus8300,1,1,1,0,1
cus8301,0,1,1,1,0
cus8302,1,1,1,1,0
cus8303,1,1,0,0,1
cus8304,0,0,1,1,0
cus8305,0,0,1,1,0
cus8306,0,0,1,0,0
cus8307,1,1,1,1,1
cus8308,1,0,1,1,0
cus8309,1,0,0,0,1
cus8310,0,0,1,0,1
cus8311,1,1,0,0,1
cus8312,0,0,0,0,0
cus8313,1,0,1,1,0
cus8314,0,0,0,0,0
cus8315,0,0,1,1,1
cus8316,1,1,1,1,1
cus8317,1,1,0,0,1
cus8318,1,1,0,0,1
cus8319,1,1,1,0,0
cus8320,1,0,0,0,0
cus8321,0,0,1,0,0
cus8322,0,0,1,1,0
cus8323,1,1,0,1,1
cus8324,1,1,0,0,0
cus8325,0,1,1,1,1
cus8326,1,1,1,1,1
cus8327,0,0,1,0,0
cus8328,1,1,0,0,0
cus8329,1,1,0,0,0
cus8330,1,1,1,0,1
cus8331,1,1,1,0,0
cus8332,1,0,0,0,0
cus8333,0,0,0,0,0
cus8334,0,1,0,0,0
cus8335,1,1,0,0,1
cus8336,1,0,0,1,1
cus8337,1,0,1,1,1
cus8338,0,0,1,1,0
cus8339,1,1,0,0,0
cus8340,1,1,0,1,1
cus8341,1,0,0,1,1
cus8342,0,0,0,1,0
cus8343,0,0,1,1,1
cus8344,1,1,0,0,0
cus8345,1,0,0,1,1
cus8346,0,0,1,0,1
cus8347,0,1,1,1,0
cus8348,1,1,1,1,0
cus8349,0,0,0,1,1
cus8350,1,0,0,1,1
cus8351,1,1,1,1,1
cus8352,1,1,0,0,0
cus8353,1,1,0,0,0
cus8354,0,0,1,0,1
cus8355,0,0,1,1,0
cus8356,0,0,1,0,1
cus8357,1,0,1,1,0
cus8358,1,1,0,0,1
cus8359,1,1,1,0,0
cus8360,0,0,0,1,1
cus8361,1,0,1,1,1
cus8362,0,0,1,1,1
cus8363,0,0,1,1,1
cus8364,0,0,1,1,0
cus8365,1,1,1,0,0
cus8366,0,0,0,0,0
cus8367,0,0,0,0,0
cus8368,0,0,1,1,0
cus8369,0,0,0,0,0
cus8370,0,0,0,0,0
cus8371,0,1,1,0,0
cus8372,1,1,1,1,0
cus8373,1,1,0,1,0
cus8374,1,1,1,1,1
cus8375,0,0,1,0,1
cus8376,0,0,1,1,0
cus8377,1,1,1,0,0
cus8378,0,0,0,1,0
cus8379,1,1,0,0,0
cus8380,1,1,0,1,0
cus8381,0,0,1,1,0
cus8382,0,0,0,0,1
cus8383,0,1,1,0,1
cus8384,0,0,1,1,1
cus8385,1,1,0,0,1
cus8386,0,1,0,1,1
cus8387,0,0,0,0,1
cus8388,0,0,1,1,0
cus8389,0,0,0,0,0
cus8390,0,0,0,0,0
cus8391,0,0,1,1,0
cus8392,0,0,0,1,0
cus8393,1,0,1,0,0
cus8394,0,0,0,0,0
cus8395,1,1,1,0,1
cus8396,0,0,0,0,0
cus8397,1,0,1,0,0
cus8398,1,1,0,0,0
cus8399,1,1,0,0,1
cus8400,0,0,0,0,0
cus8401,0,0,1,1,0
cus8402,1,0,0,1,1
cus8403,1,0,1,1,0
cus8404,1,1,0,1,1
cus8405,1,1,1,1,0
cus8406,1,1,1,1,1
cus8407,0,0,1,0,0
cus8408,0,0,1,1,1
cus8409,1,0,0,1,1
cus8410,0,0,0,0,0
cus8411,0,0,0,0,1
cus8412,1,1,1,1,1
cus8413,0,0,1,1,1
cus8414,0,0,1,1,0
cus8415,1,1,0,0,1
cus8416,1,1,1,0,1
cus8417,1,1,0,0,0
cus8418,1,0,0,0,0
cus8419,0,0,0,0,0
cus8420,1,0,1,0,0
cus8421,0,0,1,1,1
cus8422,1,1,0,1,1
cus8423,1,1,0,1,0
cus8424,1,1,1,0,1
cus8425,0,0,1,1,1
cus8426,0,1,0,0,1
cus8427,1,0,1,1,0
cus8428,1,1,1,0,1
cus8429,0,0,1,0,1
cus8430,1,1,0,1,0
cus8431,1,1,1,0,0
cus8432,0,0,1,0,0
cus8433,0,0,0,1,1
cus8434,0,0,1,0,0
cus8435,1,1,1,1,1
cus8436,1,1,0,0,1
cus8437,0,0,0,0,1
cus8438,0,0,1,1,1
cus8439,0,0,0,0,0
cus8440,0,0,1,0,0
cus8441,0,0,1,1,1
cus8442,1,1,0,0,1
cus8443,1,1,0,0,0
cus8444,1,1,0,0,0
cus8445,1,1,1,0,1
cus8446,1,1,0,0,1
cus8447,1,1,1,1,1
cus8448,0,0,1,0,0
cus8449,1,1,0,0,1
cus8450,1,1,1,0,0
cus8451,0,0,0,0,1
cus8452,0,0,0,0,0
cus8453,1,0,1,0,1
cus8454,1,0,0,0,1
cus8455,0,0,1,0,0
cus8456,1,1,0,0,1
cus8457,0,0,1,1,0
cus8458,0,0,0,0,0
cus8459,1,1,0,0,0
cus8460,0,0,1,0,0
cus8461,0,0,0,0,0
cus8462,1,0,1,1,0
cus8463,1,1,0,0,0
cus8464,0,0,1,1,1
cus8465,0,0,0,0,0
cus8466,1,1,1,0,0
cus8467,0,0,1,0,0
cus8468,1,0,1,1,1
cus8469,0,0,0,0,0
cus8470,1,1,0,0,1
cus8471,1,1,1,1,1
cus8472,1,1,0,0,0
cus8473,0,0,0,0,1
cus8474,1,1,1,0,0
cus8475,1,1,0,1,0
cus8476,1,0,1,0,1
cus8477,1,1,1,1,1
cus8478,1,1,0,1,1
cus8479,1,0,0,0,0
cus8480,0,0,1,1,1
cus8481,0,0,0,1,0
cus8482,1,1,0,0,1
cus8483,0,0,1,0,0
cus8484,1,1,0,0,1
cus8485,0,0,1,1,0
cus8486,1,1,0,0,0
cus8487,0,1,1,1,1
cus8488,1,1,1,1,1
cus8489,1,1,1,0,1
cus8490,0,1,0,0,0
cus8491,1,0,1,1,1
cus8492,0,0,1,0,0
cus8493,0,0,1,1,0
cus8494,1,0,0,0,1
cus8495,1,1,0,0,1
cus8496,1,1,1,1,1
cus8497,0,0,0,0,0
cus8498,0,0,1,0,1
cus8499,1,1,0,0,1
cus8500,0,0,1,1,0
cus8501,1,1,0,0,1
cus8502,0,0,0,0,1
cus8503,1,1,1,0,0
cus8504,0,0,1,0,1
cus8505,0,0,1,1,1
cus8506,1,0,0,1,1
cus8507,1,0,0,0,0
cus8508,0,0,0,0,1
cus8509,1,1,1,0,0
cus8510,0,0,0,0,0
cus8511,1,0,0,1,0
cus8512,0,0,1,0,0
cus8513,1,1,1,1,1
cus8514,0,0,0,0,0
cus8515,0,0,0,0,1
cus8516,0,0,0,0,0
cus8517,0,0,0,0,0
cus8518,1,0,1,1,1
cus8519,1,1,0,0,0
cus8520,0,0,1,1,0
cus8521,0,0,0,0,1
cus8522,1,1,0,0,1
cus8523,0,0,0,0,0
cus8524,0,1,1,1,0
cus8525,0,0,1,1,0
cus8526,0,1,1,0,0
cus8527,1,1,0,0,1
cus8528,0,0,0,0,0
cus8529,1,1,0,1,0
cus8530,0,0,0,0,0
cus8531,0,0,1,0,1
cus8532,0,0,1,1,1
cus8533,1,0,0,1,1
cus8534,0,0,0,0,0
cus8535,1,1,1,0,1
cus8536,0,0,1,1,0
cus8537,1,1,0,0,0
cus8538,1,1,1,1,1
cus8539,1,1,1,1,1
cus8540,1,1,1,1,1
cus8541,1,0,1,1,0
cus8542,0,0,0,1,0
cus8543,0,0,0,1,1
cus8544,0,0,0,0,1
cus8545,0,0,1,1,0
cus8546,1,1,1,0,1
cus8547,1,1,1,1,1
cus8548,1,1,0,0,0
cus8549,0,0,1,1,1
cus8550,1,1,0,0,1
cus8551,0,0,0,0,1
cus8552,0,0,1,1,1
cus8553,0,1,0,0,1
cus8554,0,0,1,1,0
cus8555,1,1,1,1,0
cus8556,1,1,0,0,1
cus8557,0,1,0,0,0
cus8558,0,0,0,0,0
cus8559,1,1,0,1,1
cus8560,0,0,0,0,0
cus8561,1,1,1,1,1
cus8562,1,1,0,0,1
cus8563,1,1,1,1,0
cus8564,1,0,0,1,0
cus8565,0,0,0,0,1
cus8566,1,1,1,1,0
cus8567,0,0,0,1,0
cus8568,0,0,1,0,0
cus8569,1,0,0,0,0
cus8570,0,0,0,0,1
cus8571,1,1,1,0,1
cus8572,0,0,1,1,0
cus8573,1,1,0,0,0
cus8574,0,0,1,0,0
cus8575,0,0,0,0,1
cus8576,1,1,1,0,1
cus8577,0,0,1,1,1
cus8578,0,0,1,1,1
cus8579,1,0,0,0,0
cus8580,1,1,0,1,1
cus8581,0,0,1,1,1
cus8582,1,1,0,1,0
cus8583,0,0,0,0,1
cus8584,0,0,1,1,1
cus8585,1,1,0,1,1
cus8586,1,0,1,1,1
cus8587,0,0,1,1,1
cus8588,1,1,1,1,1
cus8589,0,0,0,0,0
cus8590,0,0,0,0,0
cus8591,1,1,0,0,0
cus8592,0,0,1,1,0
cus8593,0,0,0,1,0
cus8594,1,1,1,1,0
cus8595,1,1,1,0,1
cus8596,1,0,1,1,0
cus8597,0,0,1,1,0
cus8598,1,0,1,1,1
cus8599,0,0,1,1,1
cus8600,1,1,1,1,1
cus8601,1,1,1,0,0
cus8602,0,0,1,0,0
cus8603,1,1,0,0,0
cus8604,0,0,1,1,1
cus8605,1,1,1,1,0
cus8606,1,1,1,0,0
cus8607,1,0,1,0,1
cus8608,1,1,1,0,0
cus8609,1,1,1,1,0
cus8610,1,1,0,0,1
cus8611,1,1,0,1,0
cus8612,0,0,0,0,1
cus8613,0,0,1,1,0
cus8614,1,1,1,0,1
cus8615,1,0,0,0,1
cus8616,0,0,1,1,1
cus8617,0,0,1,1,0
cus8618,0,0,0,0,1
cus8619,0,0,1,1,0
cus8620,1,1,0,0,0
cus8621,0,1,1,0,0
cus8622,0,0,1,1,0
cus8623,0,0,0,0,0
cus8624,1,0,0,0,0
cus8625,1,1,1,1,1
cus8626,0,0,1,0,0
cus8627,0,1,0,1,0
cus8628,0,0,1,1,0
cus8629,1,1,1,1,1
cus8630,1,1,1,1,0
cus8631,0,1,0,0,0
cus8632,0,0,0,0,0
cus8633,0,0,1,1,0
cus8634,0,0,0,1,0
cus8635,0,0,0,0,0
cus8636,1,1,1,1,0
cus8637,1,0,0,0,1
cus8638,1,1,0,0,0
cus8639,1,1,0,1,0
cus8640,1,1,1,0,0
cus8641,0,0,1,0,1
cus8642,1,1,0,0,0
cus8643,0,0,1,0,1
cus8644,0,1,1,0,0
cus8645,1,1,1,1,1
cus8646,0,1,1,0,1
cus8647,0,0,1,0,0
cus8648,0,0,0,0,1
cus8649,1,0,0,1,1
cus8650,0,0,1,1,1
cus8651,0,0,1,0,1
cus8652,0,0,0,0,1
cus8653,0,0,0,1,1
cus8654,0,0,1,1,0
cus8655,1,1,0,0,0
cus8656,0,0,1,1,1
cus8657,1,0,0,0,0
cus8658,1,1,0,0,1
cus8659,0,0,1,1,0
cus8660,0,0,1,1,1
cus8661,1,1,0,0,0
cus8662,1,1,1,1,1
cus8663,0,1,1,1,1
cus8664,0,0,1,0,0
cus8665,1,1,0,1,1
cus8666,1,1,0,0,0
cus8667,0,0,1,1,0
cus8668,0,0,0,1,0
cus8669,1,1,0,0,1
cus8670,1,1,1,0,1
cus8671,0,0,1,0,0
cus8672,0,0,1,1,0
cus8673,0,0,1,1,0
cus8674,1,0,0,0,0
cus8675,0,1,0,0,0
cus8676,1,1,1,1,1
cus8677,1,1,1,1,1
cus8678,1,1,1,1,1
cus8679,0,1,0,0,0
cus8680,1,1,0,0,0
cus8681,1,1,0,0,1
cus8682,0,0,0,0,0
cus8683,1,0,0,0,1
cus8684,1,1,0,0,1
cus8685,0,0,1,1,1
cus8686,0,0,0,0,0
cus8687,0,0,0,0,0
cus8688,0,0,0,0,0
cus8689,0,1,0,0,1
cus8690,0,1,0,1,0
cus8691,1,1,1,0,0
cus8692,0,1,1,0,1
cus8693,1,1,0,0,0
cus8694,0,0,1,1,1
cus8695,1,1,1,1,1
cus8696,1,0,1,1,1
cus8697,1,1,0,0,0
cus8698,0,0,1,0,0
cus8699,1,1,0,1,0
cus8700,1,1,1,0,1
cus8701,0,1,0,0,0
cus8702,0,1,1,0,0
cus8703,1,1,0,0,1
cus8704,0,0,1,1,1
cus8705,1,0,1,1,1
cus8706,0,0,0,0,1
cus8707,0,0,1,1,1
cus8708,0,0,0,1,0
cus8709,1,1,0,1,0
cus8710,1,1,0,1,0
cus8711,1,1,1,0,1
cus8712,0,0,1,0,1
cus8713,1,1,1,0,1
cus8714,0,0,1,0,0
cus8715,0,0,1,1,0
cus8716,1,1,0,0,0
cus8717,0,0,1,1,1
cus8718,1,1,1,1,1
cus8719,1,0,0,1,0
cus8720,1,1,0,1,0
cus8721,0,0,1,1,1
cus8722,0,0,1,1,1
cus8723,1,1,0,1,0
cus8724,1,1,1,1,1
cus8725,0,0,0,0,0
cus8726,0,0,0,1,0
cus8727,0,0,1,1,0
cus8728,0,0,0,0,0
cus8729,1,1,1,1,1
cus8730,1,1,0,0,0
cus8731,1,0,1,0,1
cus8732,1,1,1,1,1
cus8733,0,1,0,0,0
cus8734,1,1,1,0,0
cus8735,1,1,1,0,1
cus8736,0,0,0,0,1
cus8737,1,0,1,0,0
cus8738,0,0,1,1,0
cus8739,0,0,1,1,0
cus8740,1,1,1,0,0
cus8741,0,0,1,0,1
cus8742,1,1,1,0,0
cus8743,0,0,1,1,0
cus8744,1,1,0,0,1
cus8745,1,1,0,0,1
cus8746,0,0,1,0,1
cus8747,0,0,1,0,0
cus8748,1,1,1,1,1
cus8749,1,1,1,0,0
cus8750,0,0,0,0,0
cus8751,0,0,1,1,0
cus8752,1,0,1,0,0
cus8753,1,1,1,0,0
cus8754,0,1,1,1,1
cus8755,0,0,0,0,0
cus8756,0,0,1,0,1
cus8757,0,0,0,0,0
cus8758,0,0,0,0,0
cus8759,1,0,0,0,0
cus8760,1,1,1,1,1
cus8761,1,1,0,1,1
cus8762,1,1,1,1,1
cus8763,1,1,1,0,0
cus8764,0,0,0,0,0
cus8765,0,0,0,1,0
cus8766,0,1,0,0,1
cus8767,0,1,1,1,0
cus8768,1,0,0,1,1
cus8769,0,0,0,0,0
cus8770,0,0,1,0,1
cus8771,1,1,0,0,1
cus8772,0,0,1,1,1
cus8773,1,1,1,0,1
cus8774,0,1,1,1,1
cus8775,1,1,0,0,1
cus8776,1,1,1,0,0
cus8777,1,1,1,1,1
cus8778,0,0,0,0,0
cus8779,0,0,1,0,0
cus8780,1,1,1,0,0
cus8781,1,1,1,1,1
cus8782,0,0,1,1,1
cus8783,1,1,1,1,1
cus8784,0,0,1,1,0
cus8785,1,1,1,0,0
cus8786,0,0,0,1,0
cus8787,1,1,1,1,0
cus8788,1,1,1,1,1
cus8789,1,1,1,0,1
cus8790,0,0,1,0,0
cus8791,0,0,1,1,1
cus8792,0,0,0,0,0
cus8793,1,1,0,0,0
cus8794,0,0,1,0,0
cus8795,1,1,1,1,0
cus8796,1,0,1,1,0
cus8797,0,0,1,1,0
cus8798,1,1,1,1,1
cus8799,1,1,0,0,0
cus8800,1,1,1,1,0
cus8801,0,0,0,0,1
cus8802,1,1,0,0,0
cus8803,1,1,1,1,1
cus8804,1,1,0,0,1
cus8805,1,0,0,0,0
cus8806,0,0,1,0,0
cus8807,0,0,1,1,1
cus8808,1,1,1,0,1
cus8809,1,1,1,1,1
cus8810,0,0,1,1,1
cus8811,1,1,1,0,0
cus8812,1,1,1,1,1
cus8813,0,1,0,0,0
cus8814,1,1,1,0,0
cus8815,0,0,0,0,0
cus8816,0,0,1,0,1
cus8817,0,0,1,0,0
cus8818,1,0,0,0,0
cus8819,0,0,0,0,1
cus8820,0,0,0,0,0
cus8821,0,0,0,1,0
cus8822,0,0,1,0,1
cus8823,0,0,0,0,1
cus8824,1,1,1,0,1
cus8825,1,0,0,1,0
cus8826,0,0,0,0,1
cus8827,0,0,1,1,1
cus8828,0,0,0,0,1
cus8829,0,0,1,1,1
cus8830,1,0,0,0,0
cus8831,1,1,0,0,1
cus8832,0,0,0,0,0
cus8833,0,0,0,0,1
cus8834,1,1,1,0,1
cus8835,1,1,0,1,0
cus8836,1,0,0,1,1
cus8837,0,1,0,1,1
cus8838,1,1,1,1,0
cus8839,1,1,1,0,0
cus8840,0,1,0,0,0
cus8841,1,0,1,1,1
cus8842,0,0,1,1,0
cus8843,0,0,1,1,0
cus8844,0,0,0,0,1
cus8845,0,0,0,1,0
cus8846,0,0,0,0,0
cus8847,1,1,0,0,0
cus8848,0,0,1,1,1
cus8849,1,1,0,0,0
cus8850,1,1,1,1,1
cus8851,1,1,1,1,0
cus8852,0,0,0,0,0
cus8853,0,0,0,0,1
cus8854,0,0,0,0,0
cus8855,1,0,0,0,1
cus8856,1,1,1,1,0
cus8857,1,1,1,1,0
cus8858,1,0,0,0,1
cus8859,1,1,0,0,0
cus8860,1,1,1,0,1
cus8861,1,1,1,1,1
cus8862,0,0,1,1,0
cus8863,1,1,1,1,1
cus8864,1,1,0,0,0
cus8865,0,0,0,1,0
cus8866,0,1,1,1,0
cus8867,1,1,0,1,0
cus8868,1,1,1,0,0
cus8869,1,1,0,0,1
cus8870,0,0,1,1,1
cus8871,0,0,0,0,0
cus8872,1,0,1,1,0
cus8873,0,0,1,1,0
cus8874,0,0,0,0,1
cus8875,0,0,0,1,0
cus8876,1,1,1,0,1
cus8877,0,0,0,0,0
cus8878,1,1,0,0,1
cus8879,0,0,1,1,1
cus8880,0,0,1,1,0
cus8881,1,1,1,1,0
cus8882,0,0,0,1,0
cus8883,1,1,0,0,0
cus8884,1,0,0,0,0
cus8885,1,1,0,0,1
cus8886,1,1,1,1,1
cus8887,1,1,1,0,1
cus8888,0,0,0,0,0
cus8889,1,1,1,1,1
cus8890,1,1,0,0,1
cus8891,1,1,0,0,0
cus8892,0,0,1,1,0
cus8893,1,1,1,1,1
cus8894,0,0,0,0,0
cus8895,0,0,0,1,0
cus8896,0,1,1,1,0
cus8897,1,0,1,0,1
cus8898,1,0,0,0,1
cus8899,1,1,1,1,1
cus8900,0,1,0,0,1
cus8901,0,0,0,0,0
cus8902,0,0,1,1,1
cus8903,0,0,1,1,1
cus8904,0,1,0,0,1
cus8905,0,0,1,0,1
cus8906,1,0,1,1,0
cus8907,0,1,1,1,0
cus8908,0,0,0,0,1
cus8909,1,1,0,0,1
cus8910,0,0,1,1,0
cus8911,1,0,1,0,1
cus8912,0,0,1,1,0
cus8913,0,0,0,0,1
cus8914,1,1,1,0,0
cus8915,0,0,1,0,1
cus8916,1,1,1,0,1
cus8917,0,0,1,0,1
cus8918,1,0,1,1,1
cus8919,1,1,1,1,0
cus8920,1,1,1,0,0
cus8921,0,0,1,1,0
cus8922,0,0,0,0,0
cus8923,0,0,1,1,1
cus8924,1,0,1,0,0
cus8925,0,0,1,1,0
cus8926,1,1,1,1,1
cus8927,0,0,0,0,1
cus8928,0,0,0,0,0
cus8929,1,1,0,0,1
cus8930,0,0,1,1,1
cus8931,0,0,0,1,1
cus8932,0,0,1,1,0
cus8933,1,1,0,0,0
cus8934,1,1,1,0,0
cus8935,1,1,1,0,0
cus8936,0,1,1,0,0
cus8937,1,1,0,1,0
cus8938,1,1,1,0,1
cus8939,1,0,0,0,0
cus8940,0,0,0,0,0
cus8941,0,0,0,0,1
cus8942,0,0,1,0,1
cus8943,1,1,1,1,0
cus8944,0,0,0,0,0
cus8945,0,0,0,0,0
cus8946,1,1,1,1,1
cus8947,1,1,1,0,1
cus8948,0,0,1,1,0
cus8949,0,0,0,0,0
cus8950,0,0,1,1,0
cus8951,1,1,1,1,1
cus8952,0,1,0,1,0
cus8953,1,0,0,0,0
cus8954,1,1,0,1,1
cus8955,1,1,0,0,0
cus8956,1,1,0,0,1
cus8957,0,1,1,0,0
cus8958,0,0,1,1,1
cus8959,0,0,0,0,1
cus8960,1,1,0,0,1
cus8961,0,0,0,0,0
cus8962,0,0,1,0,0
cus8963,0,0,1,1,0
cus8964,0,1,1,1,1
cus8965,0,0,0,0,1
cus8966,0,0,0,0,1
cus8967,1,1,1,1,0
cus8968,1,1,1,1,0
cus8969,0,0,1,1,0
cus8970,0,0,0,0,1
cus8971,0,0,0,0,1
cus8972,0,0,0,1,0
cus8973,1,0,1,1,0
cus8974,0,0,1,1,1
cus8975,0,1,0,0,1
cus8976,1,0,1,1,1
cus8977,0,0,0,0,0
cus8978,0,0,0,0,1
cus8979,0,0,0,0,0
cus8980,1,1,0,0,0
cus8981,1,1,1,1,1
cus8982,1,1,1,1,1
cus8983,0,0,0,0,0
cus8984,1,1,0,0,1
cus8985,1,0,1,1,0
cus8986,0,0,0,0,1
cus8987,0,0,0,0,1
cus8988,0,0,1,0,0
cus8989,0,0,0,0,0
cus8990,1,1,0,0,0
cus8991,0,0,1,0,0
cus8992,1,1,1,0,0
cus8993,1,1,1,1,1
cus8994,1,1,1,1,1
cus8995,0,0,1,1,1
cus8996,1,1,0,0,1
cus8997,0,1,1,0,1
cus8998,0,0,0,1,0
cus8999,1,0,0,1,0
cus9000,1,1,1,1,0
cus9001,1,0,0,0,1
cus9002,0,0,0,1,0
cus9003,0,0,0,1,0
cus9004,1,1,1,1,0
cus9005,0,1,1,1,0
cus9006,0,1,0,1,0
cus9007,0,0,1,1,1
cus9008,0,0,0,0,0
cus9009,0,0,1,1,0
cus9010,0,0,0,0,0
cus9011,1,1,1,1,1
cus9012,1,1,1,1,0
cus9013,1,1,1,1,0
cus9014,0,0,1,1,1
cus9015,0,0,0,0,0
cus9016,1,0,1,1,0
cus9017,0,1,1,0,0
cus9018,0,0,0,0,0
cus9019,1,1,1,0,1
cus9020,1,1,0,0,0
cus9021,0,0,1,0,0
cus9022,1,1,1,1,1
cus9023,1,1,1,0,0
cus9024,0,0,0,0,0
cus9025,1,1,1,0,0
cus9026,1,1,1,0,1
cus9027,1,1,0,0,0
cus9028,1,1,1,1,0
cus9029,1,0,1,0,1
cus9030,1,1,0,0,0
cus9031,1,1,0,0,1
cus9032,0,0,1,1,1
cus9033,1,0,1,1,0
cus9034,0,0,1,0,0
cus9035,1,0,1,0,1
cus9036,0,0,0,0,0
cus9037,1,0,1,1,0
cus9038,1,1,0,1,0
cus9039,0,0,1,0,0
cus9040,1,1,1,0,0
cus9041,1,0,0,1,0
cus9042,0,0,1,1,0
cus9043,1,1,0,0,1
cus9044,0,0,0,0,1
cus9045,1,0,0,0,0
cus9046,1,1,1,0,1
cus9047,0,0,1,1,1
cus9048,0,1,1,1,0
cus9049,0,1,0,0,0
cus9050,1,1,1,1,0
cus9051,0,0,0,1,0
cus9052,0,0,0,1,1
cus9053,1,1,0,0,0
cus9054,0,0,0,0,0
cus9055,0,0,0,1,0
cus9056,0,0,1,1,0
cus9057,0,0,1,0,0
cus9058,1,0,1,1,0
cus9059,0,0,1,1,0
cus9060,0,0,1,1,0
cus9061,1,1,0,0,1
cus9062,1,1,0,0,1
cus9063,1,1,1,1,0
cus9064,0,0,0,0,0
cus9065,0,0,1,1,0
cus9066,0,0,0,0,0
cus9067,1,1,0,0,0
cus9068,0,1,1,1,0
cus9069,1,1,0,0,0
cus9070,1,0,0,0,0
cus9071,1,1,1,0,0
cus9072,1,1,1,1,1
cus9073,0,0,0,0,0
cus9074,1,1,0,0,0
cus9075,1,1,0,1,0
cus9076,1,1,0,0,1
cus9077,1,0,1,1,0
cus9078,1,0,1,1,1
cus9079,0,0,0,0,1
cus9080,1,0,1,1,0
cus9081,1,1,1,1,1
cus9082,0,0,1,1,1
cus9083,0,0,0,0,0
cus9084,1,1,0,0,0
cus9085,1,0,1,1,0
cus9086,1,1,1,1,1
cus9087,1,1,1,1,0
cus9088,1,1,0,0,1
cus9089,0,0,1,0,1
cus9090,0,1,1,0,1
cus9091,1,0,1,0,1
cus9092,0,0,0,0,0
cus9093,1,1,1,1,1
cus9094,0,0,1,0,0
cus9095,0,0,1,0,1
cus9096,0,0,0,0,0
cus9097,0,0,1,0,1
cus9098,0,0,1,1,0
cus9099,0,0,0,0,0
cus9100,0,0,1,1,0
cus9101,0,0,0,0,1
cus9102,1,0,1,1,0
cus9103,0,0,0,0,1
cus9104,0,0,0,1,0
cus9105,0,0,1,1,1
cus9106,1,1,1,1,1
cus9107,1,0,1,0,0
cus9108,1,1,0,0,0
cus9109,0,1,0,0,1
cus9110,1,1,0,0,1
cus9111,1,1,1,1,0
cus9112,0,0,0,0,1
cus9113,0,0,0,1,0
cus9114,1,1,1,0,1
cus9115,0,0,0,0,1
cus9116,0,0,1,1,1
cus9117,1,0,0,1,0
cus9118,1,0,0,0,0
cus9119,0,0,1,1,1
cus9120,0,0,0,0,0
cus9121,0,1,1,1,0
cus9122,1,0,1,1,0
cus9123,1,1,0,0,0
cus9124,0,0,0,0,1
cus9125,1,1,0,0,0
cus9126,1,1,0,0,1
cus9127,1,1,0,0,1
cus9128,1,0,1,1,0
cus9129,0,0,0,0,1
cus9130,1,1,1,1,0
cus9131,1,0,0,0,0
cus9132,0,0,0,0,0
cus9133,1,0,1,1,1
cus9134,0,0,0,0,0
cus9135,1,1,1,1,0
cus9136,1,1,0,0,1
cus9137,1,1,0,0,0
cus9138,0,0,1,1,1
cus9139,1,1,1,0,1
cus9140,1,0,1,1,0
cus9141,1,1,0,1,0
cus9142,1,1,1,0,1
cus9143,0,0,1,1,1
cus9144,0,0,0,0,0
cus9145,1,0,1,1,0
cus9146,1,1,0,1,1
cus9147,1,1,1,1,0
cus9148,1,1,1,1,0
cus9149,0,0,0,0,1
cus9150,1,1,1,0,0
cus9151,1,1,1,1,1
cus9152,0,0,0,0,0
cus9153,0,0,1,1,1
cus9154,1,0,0,0,0
cus9155,0,0,1,1,0
cus9156,0,0,0,0,0
cus9157,1,0,1,1,1
cus9158,0,0,1,1,0
cus9159,1,0,1,1,0
cus9160,0,0,0,0,0
cus9161,0,1,1,1,0
cus9162,0,0,1,1,0
cus9163,0,1,0,0,0
cus9164,0,0,0,0,0
cus9165,0,0,1,1,0
cus9166,0,0,0,1,1
cus9167,1,1,0,0,0
cus9168,0,1,0,0,0
cus9169,1,0,0,0,1
cus9170,1,1,0,0,0
cus9171,0,0,1,1,0
cus9172,0,1,1,1,0
cus9173,1,1,0,0,1
cus9174,0,1,1,1,1
cus9175,1,1,1,1,1
cus9176,1,1,1,1,1
cus9177,1,1,0,0,1
cus9178,1,1,1,1,0
cus9179,0,0,1,1,0
cus9180,0,1,1,0,0
cus9181,1,1,1,1,0
cus9182,0,0,1,0,0
cus9183,1,1,0,1,1
cus9184,1,1,0,0,1
cus9185,0,0,0,0,1
cus9186,0,1,1,0,0
cus9187,1,1,1,1,1
cus9188,1,0,0,0,1
cus9189,1,0,0,1,0
cus9190,1,1,1,0,1
cus9191,0,0,0,1,1
cus9192,1,0,0,1,1
cus9193,0,0,0,0,0
cus9194,0,0,1,1,1
cus9195,0,0,1,1,1
cus9196,0,0,0,1,0
cus9197,1,1,0,0,0
cus9198,0,0,0,0,0
cus9199,1,0,0,0,1
cus9200,0,0,1,0,0
cus9201,1,1,1,1,1
cus9202,1,1,0,1,1
cus9203,0,0,1,1,0
cus9204,1,1,1,0,0
cus9205,1,1,0,1,1
cus9206,1,1,0,1,0
cus9207,0,0,0,0,0
cus9208,1,1,1,1,1
cus9209,0,1,1,1,0
cus9210,1,0,1,0,1
cus9211,1,0,1,1,0
cus9212,0,0,0,0,0
cus9213,0,0,1,0,1
cus9214,1,1,1,1,1
cus9215,1,1,1,1,0
cus9216,1,1,0,0,1
cus9217,0,0,1,0,1
cus9218,1,1,0,0,0
cus9219,1,1,1,0,0
cus9220,1,1,0,0,1
cus9221,1,1,0,0,1
cus9222,1,1,0,0,1
cus9223,1,1,1,0,1
cus9224,1,0,0,0,1
cus9225,0,1,0,0,0
cus9226,1,1,0,0,1
cus9227,1,1,0,0,1
cus9228,1,1,0,0,0
cus9229,1,1,0,0,1
cus9230,1,1,0,0,1
cus9231,1,0,0,0,0
cus9232,1,1,0,1,0
cus9233,1,1,1,1,0
cus9234,1,1,0,1,0
cus9235,1,1,1,1,0
cus9236,0,0,0,0,0
cus9237,0,0,1,1,0
cus9238,0,0,0,0,0
cus9239,0,0,0,1,1
cus9240,0,0,0,0,0
cus9241,1,1,0,0,0
cus9242,1,0,0,1,1
cus9243,0,1,1,1,1
cus9244,1,1,1,0,1
cus9245,1,1,1,1,0
cus9246,1,1,0,0,1
cus9247,0,0,0,0,0
cus9248,0,0,0,1,0
cus9249,1,1,1,1,1
cus9250,0,0,0,0,0
cus9251,1,0,0,0,1
cus9252,1,1,1,1,0
cus9253,0,0,0,1,0
cus9254,0,0,0,0,0
cus9255,0,0,1,1,1
cus9256,1,0,0,0,0
cus9257,0,1,0,0,0
cus9258,1,0,1,1,1
cus9259,1,1,0,0,0
cus9260,0,0,0,0,1
cus9261,1,1,1,0,1
cus9262,1,1,0,1,0
cus9263,0,0,1,1,0
cus9264,1,0,1,1,1
cus9265,1,1,1,0,1
cus9266,0,0,1,1,1
cus9267,1,1,1,0,0
cus9268,1,0,0,1,1
cus9269,1,1,1,1,1
cus9270,0,1,0,0,0
cus9271,1,1,1,0,0
cus9272,0,1,0,0,0
cus9273,0,0,0,0,0
cus9274,1,1,0,0,0
cus9275,0,0,1,0,0
cus9276,0,0,1,0,1
cus9277,0,1,1,0,0
cus9278,1,1,1,0,1
cus9279,1,0,0,1,0
cus9280,0,0,0,0,1
cus9281,1,0,1,1,1
cus9282,1,1,0,1,1
cus9283,1,1,0,1,0
cus9284,0,0,1,1,0
cus9285,1,1,0,0,1
cus9286,1,1,1,1,1
cus9287,1,1,0,0,0
cus9288,1,1,0,0,0
cus9289,1,0,1,1,0
cus9290,0,0,0,0,0
cus9291,1,1,0,0,1
cus9292,1,1,1,0,1
cus9293,0,0,1,0,0
cus9294,0,0,1,1,1
cus9295,0,0,1,0,0
cus9296,1,1,0,0,0
cus9297,1,1,1,1,1
cus9298,0,0,0,0,1
cus9299,0,0,0,0,0
cus9300,0,0,0,0,0
cus9301,1,1,1,1,1
cus9302,1,1,0,0,1
cus9303,1,1,1,1,1
cus9304,0,0,0,0,1
cus9305,0,0,1,0,0
cus9306,0,1,0,0,1
cus9307,1,1,1,0,1
cus9308,0,0,1,1,1
cus9309,1,1,1,0,0
cus9310,0,0,0,0,1
cus9311,0,0,1,1,1
cus9312,1,1,1,0,0
cus9313,0,1,1,1,0
cus9314,1,1,1,1,1
cus9315,0,0,1,1,0
cus9316,1,0,1,1,1
cus9317,1,0,0,0,1
cus9318,1,0,1,0,0
cus9319,0,0,0,1,0
cus9320,1,1,0,0,0
cus9321,0,0,0,0,0
cus9322,0,0,0,0,0
cus9323,0,0,1,0,0
cus9324,1,1,1,1,1
cus9325,1,0,0,0,0
cus9326,1,1,0,0,1
cus9327,1,1,1,1,0
cus9328,0,0,1,0,1
cus9329,0,0,1,1,0
cus9330,1,1,1,1,0
cus9331,1,1,0,0,0
cus9332,0,0,1,1,0
cus9333,1,1,0,0,0
cus9334,1,1,1,0,0
cus9335,1,1,1,1,1
cus9336,1,0,0,1,0
cus9337,1,1,0,1,1
cus9338,1,0,0,0,0
cus9339,1,0,0,0,0
cus9340,0,0,0,1,1
cus9341,1,1,1,1,1
cus9342,0,0,1,1,1
cus9343,0,0,0,0,0
cus9344,1,1,0,1,0
cus9345,1,1,0,0,0
cus9346,0,0,0,0,0
cus9347,0,0,1,1,1
cus9348,1,1,1,1,1
cus9349,1,1,1,0,0
cus9350,1,0,0,1,1
cus9351,0,0,1,0,0
cus9352,0,0,0,0,0
cus9353,0,0,1,1,1
cus9354,1,0,0,1,0
cus9355,0,0,1,1,0
cus9356,1,1,1,0,0
cus9357,1,0,1,0,1
cus9358,1,0,0,0,1
cus9359,1,0,1,0,0
cus9360,1,0,1,0,0
cus9361,1,1,0,1,0
cus9362,1,1,0,0,1
cus9363,0,1,1,1,0
cus9364,1,1,0,0,0
cus9365,0,0,0,0,0
cus9366,0,0,0,0,0
cus9367,1,1,0,0,1
cus9368,0,1,1,1,0
cus9369,1,1,0,0,1
cus9370,0,0,0,0,0
cus9371,0,0,0,0,0
cus9372,1,1,1,0,0
cus9373,1,1,0,0,0
cus9374,1,0,0,1,1
cus9375,1,1,0,0,0
cus9376,0,0,0,1,0
cus9377,0,0,1,0,0
cus9378,0,0,1,0,0
cus9379,1,1,1,1,1
cus9380,0,0,0,0,1
cus9381,1,0,0,0,0
cus9382,1,1,0,0,1
cus9383,1,1,0,0,0
cus9384,0,0,0,0,1
cus9385,1,0,1,0,1
cus9386,1,0,0,1,1
cus9387,1,1,0,1,0
cus9388,0,0,1,1,1
cus9389,0,0,0,0,1
cus9390,1,0,1,1,1
cus9391,1,1,1,0,1
cus9392,1,1,1,1,0
cus9393,1,0,1,1,0
cus9394,0,1,0,0,0
cus9395,0,0,1,1,1
cus9396,1,1,0,0,1
cus9397,0,0,1,0,0
cus9398,1,1,0,1,1
cus9399,0,0,0,1,0
cus9400,0,0,1,0,0
cus9401,0,0,0,1,0
cus9402,0,0,1,1,0
cus9403,1,1,1,0,1
cus9404,0,0,0,1,0
cus9405,1,1,1,1,1
cus9406,0,0,0,0,0
cus9407,1,1,1,1,1
cus9408,1,1,0,0,1
cus9409,1,1,0,0,0
cus9410,0,0,1,0,0
cus9411,0,0,1,0,1
cus9412,1,1,0,0,0
cus9413,0,0,1,0,0
cus9414,1,1,0,1,0
cus9415,1,1,0,1,0
cus9416,0,0,0,0,0
cus9417,0,0,1,0,1
cus9418,1,1,0,0,1
cus9419,0,0,0,1,1
cus9420,1,1,0,0,1
cus9421,0,1,1,0,1
cus9422,0,1,1,1,1
cus9423,1,1,1,0,0
cus9424,0,0,1,0,1
cus9425,1,0,1,1,1
cus9426,0,1,0,1,0
cus9427,1,1,0,1,1
cus9428,0,0,0,1,0
cus9429,1,1,1,1,1
cus9430,0,0,1,0,1
cus9431,0,0,0,1,0
cus9432,1,0,1,1,1
cus9433,0,0,1,0,1
cus9434,0,0,0,0,0
cus9435,0,0,1,0,0
cus9436,1,1,1,0,0
cus9437,0,0,0,0,1
cus9438,0,1,0,0,0
cus9439,1,1,0,0,1
cus9440,0,0,1,1,0
cus9441,1,1,1,0,1
cus9442,1,1,0,0,0
cus9443,0,0,1,1,1
cus9444,0,1,0,0,0
cus9445,0,0,1,1,1
cus9446,1,1,1,0,0
cus9447,1,1,1,1,0
cus9448,1,0,1,1,0
cus9449,1,1,1,1,1
cus9450,0,0,0,0,0
cus9451,0,0,1,0,0
cus9452,1,1,0,0,1
cus9453,0,1,0,0,0
cus9454,1,1,1,0,1
cus9455,0,0,0,0,0
cus9456,0,0,0,0,0
cus9457,1,1,1,1,1
cus9458,1,0,1,1,0
cus9459,1,0,1,1,1
cus9460,0,0,0,1,0
cus9461,0,0,0,0,0
cus9462,1,0,1,0,0
cus9463,1,1,0,1,0
cus9464,1,1,0,0,0
cus9465,1,1,0,0,0
cus9466,0,0,0,1,0
cus9467,0,0,1,0,0
cus9468,1,0,0,0,1
cus9469,0,0,1,1,1
cus9470,0,0,1,0,0
cus9471,1,1,0,1,1
cus9472,1,0,0,0,0
cus9473,0,0,0,0,0
cus9474,1,1,0,0,1
cus9475,1,1,1,1,0
cus9476,1,1,1,1,0
cus9477,0,0,1,1,0
cus9478,1,0,0,0,0
cus9479,1,1,0,0,1
cus9480,1,1,0,1,0
cus9481,1,0,0,1,1
cus9482,0,0,1,0,0
cus9483,1,1,0,1,1
cus9484,1,0,0,0,0
cus9485,1,1,0,0,0
cus9486,0,1,0,1,0
cus9487,0,0,1,0,0
cus9488,1,0,1,1,0
cus9489,1,1,0,0,0
cus9490,1,1,0,0,0
cus9491,1,1,0,1,1
cus9492,0,0,1,1,0
cus9493,1,1,0,0,1
cus9494,0,0,0,0,0
cus9495,0,0,1,1,0
cus9496,1,1,1,0,1
cus9497,1,1,1,1,1
cus9498,1,1,1,1,1
cus9499,1,1,1,1,0
cus9500,1,0,0,1,1
cus9501,1,1,0,0,0
cus9502,1,0,1,0,1
cus9503,1,0,0,0,0
cus9504,0,0,1,1,0
cus9505,0,0,0,0,0
cus9506,1,1,1,0,1
cus9507,0,0,0,1,1
cus9508,1,0,1,1,1
cus9509,0,0,0,1,1
cus9510,0,0,0,1,0
cus9511,1,0,0,0,1
cus9512,0,0,0,0,1
cus9513,0,0,1,0,0
cus9514,0,0,1,1,1
cus9515,0,0,0,0,0
cus9516,1,1,1,0,0
cus9517,1,1,0,0,1
cus9518,1,1,1,1,0
cus9519,0,1,0,0,0
cus9520,0,0,0,0,0
cus9521,1,0,0,1,0
cus9522,1,1,0,0,0
cus9523,1,0,0,1,1
cus9524,1,0,0,0,0
cus9525,0,0,1,1,1
cus9526,0,0,1,1,0
cus9527,0,0,0,0,0
cus9528,1,1,1,1,1
cus9529,0,0,1,0,1
cus9530,1,1,1,1,0
cus9531,1,0,0,0,1
cus9532,0,0,1,1,1
cus9533,1,1,0,0,0
cus9534,1,1,1,1,1
cus9535,1,1,0,0,1
cus9536,0,0,1,1,0
cus9537,1,0,1,1,1
cus9538,0,0,1,1,1
cus9539,0,0,1,0,0
cus9540,1,1,1,0,1
cus9541,0,0,0,0,0
cus9542,1,0,1,0,0
cus9543,0,0,1,1,1
cus9544,1,0,0,0,0
cus9545,0,0,0,0,1
cus9546,0,0,0,0,1
cus9547,0,0,1,1,0
cus9548,1,0,0,0,0
cus9549,1,1,1,1,0
cus9550,1,1,1,0,0
cus9551,0,0,0,0,0
cus9552,1,1,0,0,1
cus9553,0,0,1,1,0
cus9554,0,0,1,0,0
cus9555,0,0,1,1,0
cus9556,0,0,0,0,0
cus9557,0,0,0,0,1
cus9558,1,0,0,0,1
cus9559,1,1,1,0,1
cus9560,0,1,0,0,0
cus9561,0,0,0,0,0
cus9562,1,1,0,1,0
cus9563,1,1,1,0,0
cus9564,1,1,1,1,0
cus9565,0,0,0,0,0
cus9566,0,0,1,1,0
cus9567,0,0,1,1,0
cus9568,0,0,1,1,0
cus9569,0,0,0,0,0
cus9570,1,1,0,0,0
cus9571,0,0,1,1,0
cus9572,1,1,0,1,1
cus9573,1,1,0,0,1
cus9574,0,0,0,0,0
cus9575,1,1,0,0,0
cus9576,1,1,0,0,0
cus9577,1,1,0,0,0
cus9578,0,1,0,0,0
cus9579,1,1,0,0,1
cus9580,1,1,0,0,1
cus9581,0,0,1,1,0
cus9582,1,1,0,0,1
cus9583,1,1,1,1,1
cus9584,1,1,0,0,1
cus9585,1,1,1,1,1
cus9586,0,0,0,1,0
cus9587,1,1,1,1,1
cus9588,1,1,0,0,1
cus9589,1,1,0,0,0
cus9590,0,0,1,1,0
cus9591,0,0,0,0,1
cus9592,0,0,0,0,0
cus9593,1,1,1,0,0
cus9594,0,0,1,1,1
cus9595,1,1,1,0,0
cus9596,1,1,0,0,1
cus9597,1,1,1,1,1
cus9598,0,0,0,0,0
cus9599,0,0,1,1,1
cus9600,0,1,0,1,0
cus9601,0,0,1,1,0
cus9602,1,1,0,0,1
cus9603,0,0,1,1,0
cus9604,1,1,1,1,1
cus9605,0,0,1,1,0
cus9606,1,1,0,0,1
cus9607,1,1,1,0,0
cus9608,0,0,0,0,0
cus9609,1,1,0,0,0
cus9610,1,0,0,0,0
cus9611,0,0,1,1,0
cus9612,1,1,0,0,1
cus9613,0,0,1,1,0
cus9614,1,0,0,0,1
cus9615,1,1,0,0,0
cus9616,0,0,1,1,1
cus9617,0,0,1,0,1
cus9618,1,1,1,0,1
cus9619,0,0,1,1,1
cus9620,0,0,1,1,0
cus9621,1,1,0,0,0
cus9622,0,0,0,1,1
cus9623,0,1,0,0,0
cus9624,1,1,1,0,1
cus9625,0,0,0,1,0
cus9626,1,1,0,0,1
cus9627,1,1,0,1,1
cus9628,1,1,1,1,1
cus9629,1,1,1,1,1
cus9630,1,1,0,0,0
cus9631,1,1,0,1,1
cus9632,1,1,1,0,1
cus9633,0,0,1,0,1
cus9634,0,1,1,1,0
cus9635,1,1,1,1,1
cus9636,0,0,0,1,1
cus9637,0,0,0,0,1
cus9638,1,1,1,0,0
cus9639,0,0,0,0,0
cus9640,1,1,0,0,0
cus9641,0,1,0,1,0
cus9642,1,0,1,1,1
cus9643,0,0,0,1,0
cus9644,1,1,0,0,0
cus9645,0,0,1,1,1
cus9646,1,1,1,1,0
cus9647,1,1,1,0,1
cus9648,0,0,1,1,0
cus9649,0,0,1,1,1
cus9650,0,0,1,0,1
cus9651,0,0,1,1,1
cus9652,0,0,1,1,0
cus9653,1,1,0,1,0
cus9654,0,1,0,1,0
cus9655,1,1,0,0,1
cus9656,1,1,1,0,0
cus9657,1,1,1,0,1
cus9658,1,1,0,0,1
cus9659,1,1,1,1,1
cus9660,1,1,0,0,0
cus9661,1,1,1,1,1
cus9662,0,0,1,1,0
cus9663,0,0,1,1,0
cus9664,1,0,1,1,0
cus9665,1,1,1,1,0
cus9666,1,1,0,0,0
cus9667,1,0,1,1,0
cus9668,1,1,0,0,0
cus9669,0,0,0,0,0
cus9670,0,0,1,0,1
cus9671,1,1,1,1,0
cus9672,1,1,1,1,1
cus9673,1,1,1,1,0
cus9674,1,0,1,1,0
cus9675,1,1,1,1,1
cus9676,0,0,1,0,1
cus9677,0,0,1,1,0
cus9678,1,1,1,1,0
cus9679,1,1,0,0,0
cus9680,0,0,1,1,1
cus9681,1,1,0,0,0
cus9682,1,0,1,0,0
cus9683,0,0,0,0,0
cus9684,1,1,0,0,1
cus9685,1,1,1,1,1
cus9686,1,1,0,0,1
cus9687,1,1,0,0,0
cus9688,0,0,0,0,0
cus9689,0,0,0,0,0
cus9690,1,1,1,0,1
cus9691,0,0,1,0,1
cus9692,0,0,0,0,1
cus9693,0,0,0,0,1
cus9694,1,1,1,1,0
cus9695,0,0,1,1,1
cus9696,0,0,0,0,0
cus9697,0,0,0,0,0
cus9698,1,1,1,0,1
cus9699,1,1,1,1,0
cus9700,0,0,1,0,1
cus9701,1,1,1,0,0
cus9702,1,1,1,1,0
cus9703,1,1,1,1,0
cus9704,1,0,0,0,0
cus9705,0,0,0,0,1
cus9706,0,0,0,1,0
cus9707,1,1,1,1,0
cus9708,1,1,0,1,1
cus9709,1,1,0,0,0
cus9710,0,0,1,1,1
cus9711,1,0,1,0,1
cus9712,1,1,1,0,0
cus9713,1,1,1,1,0
cus9714,1,1,0,0,0
cus9715,0,0,0,0,0
cus9716,1,1,0,0,1
cus9717,1,1,1,1,1
cus9718,0,0,1,0,0
cus9719,0,0,1,1,1
cus9720,0,0,1,0,0
cus9721,1,1,0,1,0
cus9722,0,0,0,1,0
cus9723,0,0,0,0,0
cus9724,1,0,0,0,0
cus9725,1,1,0,0,0
cus9726,1,1,0,0,0
cus9727,1,1,0,0,0
cus9728,1,0,0,0,0
cus9729,1,0,0,1,1
cus9730,1,0,0,0,1
cus9731,1,1,1,0,0
cus9732,1,1,0,1,0
cus9733,1,1,0,1,1
cus9734,1,1,1,0,0
cus9735,0,0,0,0,0
cus9736,1,1,0,0,1
cus9737,1,1,0,0,0
cus9738,0,0,1,0,1
cus9739,1,1,0,0,0
cus9740,1,1,0,0,0
cus9741,0,0,0,0,1
cus9742,1,1,0,0,1
cus9743,0,0,0,0,1
cus9744,0,0,1,0,1
cus9745,1,0,0,0,0
cus9746,0,0,1,0,0
cus9747,0,0,1,1,0
cus9748,0,0,1,0,0
cus9749,0,0,1,1,1
cus9750,1,0,1,1,0
cus9751,0,0,1,1,0
cus9752,0,0,0,0,0
cus9753,1,1,0,1,0
cus9754,1,1,0,0,0
cus9755,1,1,1,0,1
cus9756,0,0,0,1,0
cus9757,1,0,1,1,1
cus9758,1,1,0,1,0
cus9759,0,0,0,0,0
cus9760,1,1,1,1,0
cus9761,1,1,1,0,1
cus9762,1,0,1,0,0
cus9763,1,1,0,0,1
cus9764,0,1,1,0,1
cus9765,0,0,0,0,0
cus9766,1,1,1,1,0
cus9767,1,1,0,0,0
cus9768,0,0,1,1,0
cus9769,1,1,1,1,1
cus9770,1,1,1,1,0
cus9771,1,1,0,0,1
cus9772,1,1,0,0,0
cus9773,1,1,1,1,1
cus9774,1,0,1,0,0
cus9775,0,0,1,1,0
cus9776,1,0,1,1,0
cus9777,1,1,0,1,0
cus9778,1,1,1,1,1
cus9779,0,0,0,1,1
cus9780,0,0,1,1,1
cus9781,1,0,1,1,0
cus9782,1,0,0,1,0
cus9783,1,1,0,0,0
cus9784,0,0,0,0,1
cus9785,0,0,0,0,0
cus9786,1,1,1,1,1
cus9787,1,1,1,1,0
cus9788,0,1,1,0,1
cus9789,0,0,1,1,0
cus9790,0,0,0,0,0
cus9791,1,0,1,1,1
cus9792,1,1,1,1,0
cus9793,0,0,0,0,1
cus9794,1,0,0,1,1
cus9795,0,0,0,0,1
cus9796,0,0,1,1,1
cus9797,0,0,1,1,0
cus9798,0,0,1,0,1
cus9799,1,1,1,0,0
cus9800,0,0,1,1,0
cus9801,0,0,1,0,0
cus9802,1,1,1,1,0
cus9803,0,0,0,1,1
cus9804,1,0,0,0,0
cus9805,0,0,0,0,1
cus9806,1,1,0,0,1
cus9807,0,0,1,0,0
cus9808,1,1,1,1,1
cus9809,0,0,1,0,0
cus9810,1,1,0,1,1
cus9811,1,1,1,1,1
cus9812,1,1,0,0,0
cus9813,0,0,0,0,0
cus9814,1,0,1,0,1
cus9815,1,1,1,1,1
cus9816,1,1,0,0,1
cus9817,1,1,1,1,1
cus9818,0,0,1,0,0
cus9819,1,0,1,0,1
cus9820,0,0,0,1,1
cus9821,0,0,0,0,0
cus9822,1,1,0,0,0
cus9823,1,1,0,0,0
cus9824,0,0,1,0,1
cus9825,0,0,1,1,1
cus9826,1,1,1,1,1
cus9827,1,1,1,1,0
cus9828,0,1,0,0,0
cus9829,1,1,1,0,0
cus9830,0,0,0,0,0
cus9831,0,0,0,0,0
cus9832,0,0,0,0,1
cus9833,1,1,0,0,0
cus9834,1,1,1,1,1
cus9835,1,1,0,0,0
cus9836,0,0,1,0,1
cus9837,1,1,1,1,0
cus9838,1,1,1,1,1
cus9839,1,1,0,0,0
cus9840,1,1,1,0,1
cus9841,0,0,1,0,0
cus9842,1,1,1,1,1
cus9843,1,0,0,0,0
cus9844,0,0,0,0,0
cus9845,0,1,0,1,0
cus9846,0,0,0,0,0
cus9847,0,0,0,0,0
cus9848,1,1,0,0,0
cus9849,1,1,1,1,0
cus9850,0,0,0,0,0
cus9851,1,1,1,1,1
cus9852,0,0,0,0,0
cus9853,0,0,1,1,0
cus9854,0,0,1,0,0
cus9855,0,0,1,1,0
cus9856,0,0,1,0,0
cus9857,1,1,1,1,1
cus9858,0,0,1,1,1
cus9859,1,1,1,1,0
cus9860,0,0,1,1,1
cus9861,1,0,1,0,0
cus9862,1,1,0,0,1
cus9863,1,1,1,1,0
cus9864,0,0,0,0,0
cus9865,1,1,1,0,0
cus9866,0,0,0,1,1
cus9867,0,0,1,1,0
cus9868,1,1,1,1,0
cus9869,1,1,0,0,0
cus9870,1,1,0,0,0
cus9871,1,1,1,1,0
cus9872,1,1,1,1,1
cus9873,1,1,1,1,0
cus9874,0,0,0,0,0
cus9875,1,1,1,0,1
cus9876,0,0,0,1,0
cus9877,1,1,1,1,0
cus9878,0,0,1,0,1
cus9879,0,0,0,0,0
cus9880,0,0,0,1,0
cus9881,0,0,0,0,0
cus9882,1,1,1,1,1
cus9883,1,1,0,0,0
cus9884,0,1,0,0,1
cus9885,1,1,1,1,0
cus9886,0,0,0,0,0
cus9887,1,1,1,1,1
cus9888,1,1,0,0,0
cus9889,0,1,0,0,0
cus9890,0,1,0,0,1
cus9891,0,0,0,1,0
cus9892,0,0,0,0,1
cus9893,0,1,0,1,1
cus9894,1,1,0,0,1
cus9895,1,1,0,0,1
cus9896,1,1,1,0,1
cus9897,0,0,1,1,0
cus9898,1,0,0,0,0
cus9899,0,0,0,0,0
cus9900,0,0,0,0,0
cus9901,1,1,1,0,1
cus9902,0,1,0,0,0
cus9903,1,1,1,0,0
cus9904,1,0,0,0,0
cus9905,1,1,0,1,0
cus9906,0,0,1,1,0
cus9907,0,0,1,1,1
cus9908,0,1,0,1,0
cus9909,1,1,0,0,1
cus9910,1,1,1,1,0
cus9911,0,1,1,0,0
cus9912,1,1,1,1,0
cus9913,1,0,0,0,1
cus9914,1,1,1,0,1
cus9915,0,0,0,0,0
cus9916,0,1,1,1,0
cus9917,1,1,1,0,1
cus9918,0,0,0,0,0
cus9919,1,1,0,0,1
cus9920,0,0,1,0,1
cus9921,1,1,1,1,1
cus9922,0,0,1,0,1
cus9923,1,0,0,1,0
cus9924,0,0,0,0,1
cus9925,0,0,0,1,1
cus9926,1,1,1,1,0
cus9927,1,1,1,0,1
cus9928,1,1,1,1,0
cus9929,0,0,1,0,0
cus9930,1,1,0,1,0
cus9931,0,0,0,0,0
cus9932,1,0,1,1,1
cus9933,0,0,0,1,0
cus9934,1,1,0,1,0
cus9935,0,0,1,1,0
cus9936,1,1,1,1,1
cus9937,1,1,1,1,1
cus9938,0,0,1,1,0
cus9939,0,1,1,1,0
cus9940,0,0,0,0,1
cus9941,0,0,1,1,0
cus9942,0,0,1,1,1
cus9943,1,1,1,0,0
cus9944,1,1,1,1,0
cus9945,0,1,0,0,0
cus9946,0,0,0,0,0
cus9947,1,1,0,0,0
cus9948,1,1,1,0,1
cus9949,1,1,1,1,1
cus9950,1,1,0,1,0
cus9951,1,1,0,0,1
cus9952,0,0,0,0,0
cus9953,0,0,0,0,0
cus9954,1,1,0,1,0
cus9955,0,1,0,0,0
cus9956,1,1,1,0,0
cus9957,1,1,0,1,1
cus9958,0,0,0,1,0
cus9959,0,0,0,1,0
cus9960,1,1,0,0,1
cus9961,0,1,1,1,0
cus9962,0,0,0,1,0
cus9963,0,0,1,1,1
cus9964,0,0,1,1,1
cus9965,1,1,0,0,0
cus9966,0,1,1,1,0
cus9967,1,1,0,0,0
cus9968,1,1,0,1,0
cus9969,0,0,0,1,0
cus9970,1,1,0,0,0
cus9971,0,0,1,0,1
cus9972,0,0,1,1,0
cus9973,1,1,1,0,1
cus9974,0,0,0,0,0
cus9975,1,1,1,1,1
cus9976,1,1,1,0,1
cus9977,0,0,1,1,1
cus9978,1,1,1,1,1
cus9979,1,1,1,0,1
cus9980,0,1,0,0,0
cus9981,0,0,0,0,1
cus9982,0,0,0,1,0
cus9983,1,1,0,0,0
cus9984,1,1,0,0,0
cus9985,1,1,1,0,1
cus9986,1,1,1,0,1
cus9987,1,1,0,0,0
cus9988,0,0,0,0,0
cus9989,0,0,1,0,1
cus9990,1,1,1,1,0
cus9991,1,1,1,1,1
cus9992,0,0,0,0,0
cus9993,1,1,0,0,0
cus9994,1,0,1,1,0
cus9995,1,0,1,1,1
cus9996,1,1,0,0,0
cus9997,1,1,0,0,0
cus9998,1,1,1,1,0
cus9999,1,1,0,0,0
cus10000,0,0,0,0,0